simpKey,tradKey,target,effOut,diffUtf16,diffCodePoints,lengthChangeType
"正电子发射计算机断层","正電子發射計算機斷層","正子斷層造影","正子斷層造影",-4,-4,"10→6"
"圣基茨和尼维斯","聖基茨和尼維斯","聖克里斯多福及尼維斯","聖克里斯多福及尼維斯",3,3,"7→10"
"外键","外鍵","外部索引鍵","外部索引鍵",3,3,"2→5"
"闪存","閃存","快閃記憶體","快閃記憶體",3,3,"2→5"
"宏编程","宏編程","巨集程式設計","巨集程式設計",3,3,"3→6"
"函数式编程","函數式編程","函數語言程式設計","函數語言程式設計",3,3,"5→8"
"抽动秽语综合征","抽動穢語綜合徵","妥瑞氏症","妥瑞氏症",-3,-3,"7→4"
"空分多址","空分多址","分空間多重進接","分空間多重進接",3,3,"4→7"
"金属氧化物半导体","金屬氧化物半導體","金氧半導體","金氧半導體",-3,-3,"8→5"
"显存","顯存","視訊記憶體","視訊記憶體",3,3,"2→5"
"彩超","彩超","彩色超音波","彩色超音波",3,3,"2→5"
"盘符","盤符","磁碟機代號","磁碟機代號",3,3,"2→5"
"万维网","萬維網","全球資訊網","全球資訊網",2,2,"3→5"
"土库曼斯坦","土庫曼斯坦","土庫曼","土庫曼",-2,-2,"5→3"
"乌兹别克斯坦","烏茲別克斯坦","烏茲別克","烏茲別克",-2,-2,"6→4"
"元编程","元編程","超程式設計","超程式設計",2,2,"3→5"
"内存条","內存條","記憶體模組","記憶體模組",2,2,"3→5"
"心梗","心梗","心肌梗塞","心肌梗塞",2,2,"2→4"
"文件扩展名","文件擴展名","副檔名","副檔名",-2,-2,"5→3"
"句柄","句柄","控制代碼","控制代碼",2,2,"2→4"
"可执行文件","可執行文件","執行檔","執行檔",-2,-2,"5→3"
"台式机","臺式機","桌上型電腦","桌上型電腦",2,2,"3→5"
"圣文森特和格林纳丁斯","聖文森特和格林納丁斯","聖文森及格瑞那丁","聖文森及格瑞那丁",-2,-2,"10→8"
"弗朗西丝·麦克多曼德","弗朗西絲·麥克多曼德","法蘭西絲·麥朵曼","法蘭西絲·麥朵曼",-2,-2,"10→8"
"扑热息痛","撲熱息痛","對乙醯胺基酚","對乙醯胺基酚",2,2,"4→6"
"用户名","用戶名","使用者名稱","使用者名稱",2,2,"3→5"
"亚历杭德罗·冈萨雷斯·伊纳里图","亞歷杭德羅·岡薩雷斯·伊納裏圖","阿利安卓·崗札雷·伊納利圖","阿利安卓·崗札雷·伊納利圖",-2,-2,"15→13"
"吉列尔莫·德尔托罗","吉列爾莫·德爾托羅","吉勒摩·戴托羅","吉勒摩·戴托羅",-2,-2,"9→7"
"扩展","擴展","擴充套件","擴充套件",2,2,"2→4"
"网上邻居","網上鄰居","網路上的芳鄰","網路上的芳鄰",2,2,"4→6"
"自动转屏","自動轉屏","自動旋轉螢幕","自動旋轉螢幕",2,2,"4→6"
"伯克希尔-哈撒韦","伯克希爾-哈撒韋","波克夏海瑟威","波克夏海瑟威",-2,-2,"8→6"
"伯克希尔-哈撒韦公司","伯克希爾-哈撒韋公司","波克夏海瑟威公司","波克夏海瑟威公司",-2,-2,"10→8"
"克林特·伊斯特伍德","克林特·伊斯特伍德","克林·伊斯威特","克林·伊斯威特",-2,-2,"9→7"
"时分多址","時分多址","分時多重進接","分時多重進接",2,2,"4→6"
"过程式编程","過程式編程","程序式程式設計","程序式程式設計",2,2,"5→7"
"刷新","刷新","重新整理","重新整理",2,2,"2→4"
"卸载","卸載","解除安裝","解除安裝",2,2,"2→4"
"命令式编程","命令式編程","指令式程式設計","指令式程式設計",2,2,"5→7"
"图雷特综合征","圖雷特綜合徵","妥瑞氏症","妥瑞氏症",-2,-2,"6→4"
"房扑","房撲","心房撲動","心房撲動",2,2,"2→4"
"房颤","房顫","心房顫動","心房顫動",2,2,"2→4"
"波分复用","波分複用","波長分波多工","波長分波多工",2,2,"4→6"
"注册机","註冊機","序號產生器","序號產生器",2,2,"3→5"
"码分多址","碼分多址","分碼多重進接","分碼多重進接",2,2,"4→6"
"码率","碼率","位元速率","位元速率",2,2,"2→4"
"罗伯特·雷德福","羅伯特·雷德福","勞勃·瑞福","勞勃·瑞福",-2,-2,"7→5"
"阿斯利康","阿斯利康","阿斯特捷利康","阿斯特捷利康",2,2,"4→6"
"阿斯利康公司","阿斯利康公司","阿斯特捷利康公司","阿斯特捷利康公司",2,2,"6→8"
"哈萨克斯坦","哈薩克斯坦","哈薩克","哈薩克",-2,-2,"5→3"
"室颤","室顫","心室顫動","心室顫動",2,2,"2→4"
"挂断","掛斷","結束通話","結束通話",2,2,"2→4"
"首席执行官","首席執行官","執行長","執行長",-2,-2,"5→3"
"首席技术官","首席技術官","技術長","技術長",-2,-2,"5→3"
"首席运营官","首席運營官","營運長","營運長",-2,-2,"5→3"
"首席信息官","首席信息官","資訊長","資訊長",-2,-2,"5→3"
"借记卡","借記卡","簽帳金融卡","簽帳金融卡",2,2,"3→5"
"唐氏综合征","唐氏綜合徵","唐氏症","唐氏症",-2,-2,"5→3"
"唐氏综合症","唐氏綜合症","唐氏症","唐氏症",-2,-2,"5→3"
"调制解调器","調製解調器","數據機","數據機",-2,-2,"5→3"
"控件","控件","控制元件","控制元件",2,2,"2→4"
"斯蒂芬·斯皮尔伯格","斯蒂芬·斯皮爾伯格","史蒂芬·史匹柏","史蒂芬·史匹柏",-2,-2,"9→7"
"温纳图万","溫納圖萬","那杜","那杜",-2,-2,"4→2"
"程序员","程序員","程式設計師","程式設計師",2,2,"3→5"
"编程","編程","程式設計","程式設計",2,2,"2→4"
"链表","鏈表","連結串列","連結串列",2,2,"2→4"
"塔吉克斯坦","塔吉克斯坦","塔吉克","塔吉克",-2,-2,"5→3"
"睡眠呼吸暂停综合征","睡眠呼吸暫停綜合徵","睡眠呼吸中止症","睡眠呼吸中止症",-2,-2,"9→7"
"触摸屏","觸摸屏","觸控式螢幕","觸控式螢幕",2,2,"3→5"
"频分多址","頻分多址","分頻多重進接","分頻多重進接",2,2,"4→6"
"演示文稿","演示文稿","簡報","簡報",-2,-2,"4→2"
"蓝屏","藍屏","藍色畫面","藍色畫面",2,2,"2→4"
"蹦极","蹦極","高空彈跳","高空彈跳",2,2,"2→4"
"SQL注入","SQL注入","SQL隱碼攻擊","SQL隱碼攻擊",2,2,"5→7"
"二𫫇英","二噁英","戴奧辛","戴奧辛",-1,0,"4→3"
"下拉列表","下拉列表","下拉式清單","下拉式清單",1,1,"4→5"
"马凡综合征","馬凡綜合徵","馬凡氏症候群","馬凡氏症候群",1,1,"5→6"
"马方综合征","馬方綜合徵","馬凡氏症候群","馬凡氏症候群",1,1,"5→6"
"中间件","中間件","中介軟體","中介軟體",1,1,"3→4"
"丹尼·博伊尔","丹尼·博伊爾","丹尼·鮑伊","丹尼·鮑伊",-1,-1,"6→5"
"云计算","雲計算","雲端計算","雲端計算",1,1,"3→4"
"云存储","雲存儲","雲端儲存","雲端儲存",1,1,"3→4"
"互联网","互聯網","網際網路","網際網路",1,1,"3→4"
"元数据","元數據","後設資料","後設資料",1,1,"3→4"
"内存","內存","記憶體","記憶體",1,1,"2→3"
"分区","分區","分割槽","分割槽",1,1,"2→3"
"厄瓜多尔","厄瓜多爾","厄瓜多","厄瓜多",-1,-1,"4→3"
"厄立特里亚","厄立特里亞","厄利垂亞","厄利垂亞",-1,-1,"5→4"
"巴巴多斯","巴巴多斯","巴貝多","巴貝多",-1,-1,"4→3"
"文件名","文件名","檔名","檔名",-1,-1,"3→2"
"方便面","方便麪","泡麵","泡麵",-1,-1,"3→2"
"无损压缩","無損壓縮","無失真壓縮","無失真壓縮",1,1,"4→5"
"计算机安全","計算機安全","電腦保安","電腦保安",-1,-1,"5→4"
"计算机科学","計算機科學","電腦科學","電腦科學",-1,-1,"5→4"
"计算机断层","計算機斷層","電腦斷層","電腦斷層",-1,-1,"5→4"
"韦伯恩","韋伯恩","韋本","韋本",-1,-1,"3→2"
"主板","主板","主機板","主機板",1,1,"2→3"
"他汀类","他汀類","史他汀類","史他汀類",1,1,"3→4"
"代码","代碼","程式碼","程式碼",1,1,"2→3"
"以太网","以太網","乙太網路","乙太網路",1,1,"3→4"
"以太网路由器","以太網路由器","乙太網路路由器","乙太網路路由器",1,1,"6→7"
"写保护","寫保護","防寫","防寫",-1,-1,"3→2"
"卡塔尔","卡塔爾","卡達","卡達",-1,-1,"3→2"
"史蒂夫·麦奎因","史蒂夫·麥奎因","史提夫·麥昆","史提夫·麥昆",-1,-1,"7→6"
"头文件","頭文件","標頭檔案","標頭檔案",1,1,"3→4"
"孕酮","孕酮","黃體素","黃體素",1,1,"2→3"
"对话框","對話框","對話方塊","對話方塊",1,1,"3→4"
"尼日尔","尼日爾","尼日","尼日",-1,-1,"3→2"
"正电子","正電子","正子","正子",-1,-1,"3→2"
"瓦努阿图","瓦努阿圖","萬那杜","萬那杜",-1,-1,"4→3"
"用户","用戶","使用者","使用者",1,1,"2→3"
"目标代码","目標代碼","目的碼","目的碼",-1,-1,"4→3"
"伊利亚·卡赞","伊利亞·卡贊","伊力·卡山","伊力·卡山",-1,-1,"6→5"
"伊利诺伊","伊利諾伊","伊利諾","伊利諾",-1,-1,"4→3"
"伊利诺伊州","伊利諾伊州","伊利諾州","伊利諾州",-1,-1,"5→4"
"优化","優化","最佳化","最佳化",1,1,"2→3"
"优先级","優先級","優先順序","優先順序",1,1,"3→4"
"光驱","光驅","光碟機","光碟機",1,1,"2→3"
"全局","全局","全域性","全域性",1,1,"2→3"
"关系数据库","關係數據庫","關聯式資料庫","關聯式資料庫",1,1,"5→6"
"场效应管","場效應管","場效電晶體","場效電晶體",1,1,"4→5"
"多任务","多任務","多工","多工",-1,-1,"3→2"
"多线程","多線程","多執行緒","多執行緒",1,1,"3→4"
"多囊卵巢综合征","多囊卵巢綜合徵","多囊性卵巢症候群","多囊性卵巢症候群",1,1,"7→8"
"字节","字節","位元組","位元組",1,1,"2→3"
"字库","字庫","字型檔","字型檔",1,1,"2→3"
"字符串","字符串","字串","字串",-1,-1,"3→2"
"异步","異步","非同步","非同步",1,1,"2→3"
"有损压缩","有損壓縮","有失真壓縮","有失真壓縮",1,1,"4→5"
"权限","權限","許可權","許可權",1,1,"2→3"
"米歇尔·阿扎纳维西于斯","米歇爾·阿扎納維西於斯","米歇爾·哈札納維西斯","米歇爾·哈札納維西斯",-1,-1,"11→10"
"约瑟夫·曼凯维奇","約瑟夫·曼凱維奇","約瑟夫·孟威茲","約瑟夫·孟威茲",-1,-1,"8→7"
"网卡","網卡","網絡卡","網絡卡",1,1,"2→3"
"网关","網關","閘道器","閘道器",1,1,"2→3"
"老年性痴呆症","老年性癡呆症","老年失智症","老年失智症",-1,-1,"6→5"
"老挝人民民主共和国","老撾人民民主共和國","寮人民民主共和國","寮人民民主共和國",-1,-1,"9→8"
"血红蛋白","血紅蛋白","血紅素","血紅素",-1,-1,"4→3"
"西德尼·波拉克","西德尼·波拉克","薛尼·波拉克","薛尼·波拉克",-1,-1,"7→6"
"串口","串口","序列埠","序列埠",1,1,"2→3"
"串行端口","串行端口","序列埠","序列埠",-1,-1,"4→3"
"伯克希尔哈撒韦","伯克希爾哈撒韋","波克夏海瑟威","波克夏海瑟威",-1,-1,"7→6"
"伯克希尔哈撒韦公司","伯克希爾哈撒韋公司","波克夏海瑟威公司","波克夏海瑟威公司",-1,-1,"9→8"
"位图","位圖","點陣圖","點陣圖",1,1,"2→3"
"克罗地亚","克羅地亞","克羅埃西亞","克羅埃西亞",1,1,"4→5"
"声卡","聲卡","音效卡","音效卡",1,1,"2→3"
"宏处理","宏處理","巨集處理","巨集處理",1,1,"3→4"
"宏函数","宏函數","巨集函式","巨集函式",1,1,"3→4"
"宏命令","宏命令","巨集命令","巨集命令",1,1,"3→4"
"宏定义","宏定義","巨集定義","巨集定義",1,1,"3→4"
"宏指令","宏指令","巨集指令","巨集指令",1,1,"3→4"
"宏语言","宏語言","巨集語言","巨集語言",1,1,"3→4"
"宏展开","宏展開","巨集展開","巨集展開",1,1,"3→4"
"宏调用","宏調用","巨集呼叫","巨集呼叫",1,1,"3→4"
"宏替换","宏替換","巨集替換","巨集替換",1,1,"3→4"
"局部","局部","區域性","區域性",1,1,"2→3"
"库欣综合征","庫欣綜合徵","庫欣氏症候群","庫欣氏症候群",1,1,"5→6"
"沙特阿拉伯","沙特阿拉伯","沙烏地阿拉伯","沙烏地阿拉伯",1,1,"5→6"
"沙特阿美","沙特阿美","沙烏地阿美","沙烏地阿美",1,1,"4→5"
"沙特阿美公司","沙特阿美公司","沙烏地阿美公司","沙烏地阿美公司",1,1,"6→7"
"肠易激综合征","腸易激綜合徵","大腸激躁症","大腸激躁症",-1,-1,"6→5"
"迈克·尼科尔斯","邁克·尼科爾斯","麥克·尼可斯","麥克·尼可斯",-1,-1,"7→6"
"迈克尔·道格拉斯","邁克爾·道格拉斯","麥克·道格拉斯","麥克·道格拉斯",-1,-1,"8→7"
"凯文·科斯特纳","凱文·科斯特納","凱文·科斯納","凱文·科斯納",-1,-1,"7→6"
"单片机","單片機","微控制器","微控制器",1,1,"3→4"
"宝马集团","寶馬集團","BMW集團","BMW集團",1,1,"4→5"
"实模式","實模式","真實模式","真實模式",1,1,"3→4"
"帕金森病","帕金森病","帕金森氏症","帕金森氏症",1,1,"4→5"
"欧莱雅","歐萊雅","萊雅","萊雅",-1,-1,"3→2"
"欧莱雅集团","歐萊雅集團","萊雅集團","萊雅集團",-1,-1,"5→4"
"物理内存","物理內存","實體記憶體","實體記憶體",1,1,"4→5"
"的士","的士","計程車","計程車",1,1,"2→3"
"知识产权","知識產權","智慧財產權","智慧財產權",1,1,"4→5"
"线程","線程","執行緒","執行緒",1,1,"2→3"
"经前期综合征","經前期綜合徵","經前症候群","經前症候群",-1,-1,"6→5"
"罗伯特·本顿","羅伯特·本頓","勞勃·班頓","勞勃·班頓",-1,-1,"6→5"
"罗伯特·怀斯","羅伯特·懷斯","勞勃·懷斯","勞勃·懷斯",-1,-1,"6→5"
"罗伯特·泽米吉斯","羅伯特·澤米吉斯","羅勃·辛密克斯","羅勃·辛密克斯",-1,-1,"8→7"
"肯尼亚","肯尼亞","肯亞","肯亞",-1,-1,"3→2"
"软驱","軟驅","軟碟機","軟碟機",1,1,"2→3"
"进制","進制","進位制","進位制",1,1,"2→3"
"阿尔茨海默氏症","阿爾茨海默氏症","阿茲海默氏症","阿茲海默氏症",-1,-1,"7→6"
"阿尔茨海默病","阿爾茨海默病","阿茲海默症","阿茲海默症",-1,-1,"6→5"
"阿尔茨海默症","阿爾茨海默症","阿茲海默症","阿茲海默症",-1,-1,"6→5"
"信息论","信息論","資訊理論","資訊理論",1,1,"3→4"
"城域网","城域網","都會網路","都會網路",1,1,"3→4"
"复选框","複選框","核取方塊","核取方塊",1,1,"3→4"
"威廉·弗莱德金","威廉·弗萊德金","威廉·佛雷金","威廉·佛雷金",-1,-1,"7→6"
"总线","總線","匯流排","匯流排",1,1,"2→3"
"显卡","顯卡","顯示卡","顯示卡",1,1,"2→3"
"标识符","標識符","識別符號","識別符號",1,1,"3→4"
"津巴布韦","津巴布韋","辛巴威","辛巴威",-1,-1,"4→3"
"科摩罗","科摩羅","葛摩","葛摩",-1,-1,"3→2"
"突尼斯","突尼斯","突尼西亞","突尼西亞",1,1,"3→4"
"类模板","類模板","類别範本","類别範本",1,1,"3→4"
"美属维尔京群岛","美屬維爾京羣島","美屬維京群島","美屬維京群島",-1,-1,"7→6"
"英伟达","英偉達","輝達","輝達",-1,-1,"3→2"
"重命名","重命名","重新命名","重新命名",1,1,"3→4"
"埃塞俄比亚","埃塞俄比亞","衣索比亞","衣索比亞",-1,-1,"5→4"
"朗·霍华德","朗·霍華德","朗·霍華","朗·霍華",-1,-1,"5→4"
"格鲁吉亚","格魯吉亞","喬治亞","喬治亞",-1,-1,"4→3"
"格鲁吉亚共和国","格魯吉亞共和國","喬治亞共和國","喬治亞共和國",-1,-1,"7→6"
"特立尼达和多巴哥","特立尼達和多巴哥","千里達及托巴哥","千里達及托巴哥",-1,-1,"8→7"
"索马里","索馬里","索馬利亞","索馬利亞",1,1,"3→4"
"脑梗","腦梗","腦梗塞","腦梗塞",1,1,"2→3"
"航天飞机","航天飛機","太空梭","太空梭",-1,-1,"4→3"
"调试器","調試器","偵錯程式","偵錯程式",1,1,"3→4"
"高清","高清","高畫質","高畫質",1,1,"2→3"
"高速缓存","高速緩存","快取記憶體","快取記憶體",1,1,"4→5"
"梅西安","梅西安","梅湘","梅湘",-1,-1,"3→2"
"维瓦尔第","維瓦爾第","韋瓦第","韋瓦第",-1,-1,"4→3"
"脚本","腳本","指令碼","指令碼",1,1,"2→3"
"获得性免疫缺陷综合征","獲得性免疫缺陷綜合徵","後天免疫缺乏症候群","後天免疫缺乏症候群",-1,-1,"10→9"
"虚函数","虛函數","虛擬函式","虛擬函式",1,1,"3→4"
"虚拟机","虛擬機","虛擬機器","虛擬機器",1,1,"3→4"
"通配符","通配符","萬用字元","萬用字元",1,1,"3→4"
"最终用户","最終用戶","終端使用者","終端使用者",1,1,"4→5"
"博客","博客","部落格","部落格",1,1,"2→3"
"博茨瓦纳","博茨瓦納","波札那","波札那",-1,-1,"4→3"
"奥尔夫","奧爾夫","奧福","奧福",-1,-1,"3→2"
"普罗科菲耶夫","普羅科菲耶夫","普羅高菲夫","普羅高菲夫",-1,-1,"6→5"
"腕管综合征","腕管綜合徵","腕隧道症候群","腕隧道症候群",1,1,"5→6"
"塞拉利昂","塞拉利昂","獅子山","獅子山",-1,-1,"4→3"
"数据源","數據源","資料來源","資料來源",1,1,"3→4"
"新罕布什尔","新罕布什爾","新罕布夏","新罕布夏",-1,-1,"5→4"
"新罕布什尔州","新罕布什爾州","新罕布夏州","新罕布夏州",-1,-1,"6→5"
"源码","源碼","原始碼","原始碼",1,1,"2→3"
"滚动条","滾動條","捲軸","捲軸",-1,-1,"3→2"
"简·坎皮恩","簡·坎皮恩","珍·康萍","珍·康萍",-1,-1,"5→4"
"雷诺综合征","雷諾綜合徵","雷諾氏症候群","雷諾氏症候群",1,1,"5→6"
"端口","端口","埠","埠",-1,-1,"2→1"
"算子","算子","運算元","運算元",1,1,"2→3"
"算法","算法","演算法","演算法",1,1,"2→3"
"缩略图","縮略圖","縮圖","縮圖",-1,-1,"3→2"
"穆索尔斯基","穆索爾斯基","穆索斯基","穆索斯基",-1,-1,"5→4"
"B超","B超","超音波","超音波",1,1,"2→3"
"PN结","PN結","PN接面","PN接面",1,1,"3→4"
"U盘","U盤","隨身碟","隨身碟",1,1,"2→3"