twKey,target,effOut,diffUtf16,diffCodePoints,lengthChangeType
"正子斷層造影","正電子發射計算機斷層","正电子发射计算机断层",4,4,"6→10"
"妥瑞症","抽動穢語綜合徵","抽动秽语综合征",4,4,"3→7"
"分空間多重進接","空分多址","空分多址",-3,-3,"7→4"
"外部索引鍵","外鍵","外键",-3,-3,"5→2"
"巨集程式設計","宏編程","宏编程",-3,-3,"6→3"
"妥瑞氏症","抽動穢語綜合徵","抽动秽语综合征",3,3,"4→7"
"快閃記憶體","閃存","闪存",-3,-3,"5→2"
"函數語言程式設計","函數式編程","函数式编程",-3,-3,"8→5"
"金氧半導體","金屬氧化物半導體","金属氧化物半导体",3,3,"5→8"
"彩色超音波","彩超","彩超",-3,-3,"5→2"
"視訊記憶體","顯存","显存",-3,-3,"5→2"
"聖克里斯多福及尼維斯","聖基茨和尼維斯","圣基茨和尼维斯",-3,-3,"10→7"
"磁碟機代號","盤符","盘符",-3,-3,"5→2"
"乙醯胺酚","對乙酰氨基酚","对乙酰氨基酚",2,2,"4→6"
"土庫曼","土庫曼斯坦","土库曼斯坦",2,2,"3→5"
"分時多重進接","時分多址","时分多址",-2,-2,"6→4"
"分碼多重進接","碼分多址","码分多址",-2,-2,"6→4"
"分頻多重進接","頻分多址","频分多址",-2,-2,"6→4"
"史蒂芬·史匹柏","斯蒂芬·斯皮爾伯格","斯蒂芬·斯皮尔伯格",2,2,"7→9"
"全球資訊網","萬維網","万维网",-2,-2,"5→3"
"吉勒摩·戴托羅","吉列爾莫·德爾托羅","吉列尔莫·德尔托罗",2,2,"7→9"
"自動旋轉螢幕","自動轉屏","自动转屏",-2,-2,"6→4"
"位元速率","碼率","码率",-2,-2,"4→2"
"克林·伊斯威特","克林特·伊斯特伍德","克林特·伊斯特伍德",2,2,"7→9"
"序號產生器","註冊機","注册机",-2,-2,"5→3"
"技術長","首席技術官","首席技术官",2,2,"3→5"
"那杜","溫納圖萬","温纳图万",2,2,"2→4"
"使用者名稱","用戶名","用户名",-2,-2,"5→3"
"法蘭西絲·麥朵曼","弗朗西絲·麥克多曼德","弗朗西丝·麦克多曼德",2,2,"8→10"
"波長分波多工","波分複用","波分复用",-2,-2,"6→4"
"阿利安卓·崗札雷·伊納利圖","亞歷杭德羅·岡薩雷斯·伊納裏圖","亚历杭德罗·冈萨雷斯·伊纳里图",2,2,"13→15"
"阿斯特捷利康","阿斯利康","阿斯利康",-2,-2,"6→4"
"阿斯特捷利康公司","阿斯利康公司","阿斯利康公司",-2,-2,"8→6"
"哈薩克","哈薩克斯坦","哈萨克斯坦",2,2,"3→5"
"指令式程式設計","命令式編程","命令式编程",-2,-2,"7→5"
"重新整理","刷新","刷新",-2,-2,"4→2"
"唐氏症","唐氏綜合徵","唐氏综合征",2,2,"3→5"
"桌上型電腦","臺式機","台式机",-2,-2,"5→3"
"烏茲別克","烏茲別克斯坦","乌兹别克斯坦",2,2,"4→6"
"記憶體模組","內存條","内存条",-2,-2,"5→3"
"高空彈跳","蹦極","蹦极",-2,-2,"4→2"
"執行長","首席執行官","首席执行官",2,2,"3→5"
"執行檔","可執行文件","可执行文件",2,2,"3→5"
"控制元件","控件","控件",-2,-2,"4→2"
"控制代碼","句柄","句柄",-2,-2,"4→2"
"連結串列","鏈表","链表",-2,-2,"4→2"
"勞勃·瑞福","羅伯特·雷德福","罗伯特·雷德福",2,2,"5→7"
"程式設計","編程","编程",-2,-2,"4→2"
"程式設計師","程序員","程序员",-2,-2,"5→3"
"程序式程式設計","過程式編程","过程式编程",-2,-2,"7→5"
"結束通話","掛斷","挂断",-2,-2,"4→2"
"超程式設計","元編程","元编程",-2,-2,"5→3"
"塔吉克","塔吉克斯坦","塔吉克斯坦",2,2,"3→5"
"睡眠呼吸中止症","睡眠呼吸暫停綜合徵","睡眠呼吸暂停综合征",2,2,"7→9"
"聖文森及格瑞那丁","聖文森特和格林納丁斯","圣文森特和格林纳丁斯",2,2,"8→10"
"解除安裝","卸載","卸载",-2,-2,"4→2"
"資訊長","首席信息官","首席信息官",2,2,"3→5"
"網路上的芳鄰","網上鄰居","网上邻居",-2,-2,"6→4"
"數據機","調製解調器","调制解调器",2,2,"3→5"
"營運長","首席運營官","首席运营官",2,2,"3→5"
"擴充套件","擴展","扩展",-2,-2,"4→2"
"簡報","演示文稿","演示文稿",2,2,"2→4"
"藍色畫面","藍屏","蓝屏",-2,-2,"4→2"
"簽帳金融卡","借記卡","借记卡",-2,-2,"5→3"
"觸控式螢幕","觸摸屏","触摸屏",-2,-2,"5→3"
"SQL隱碼攻擊","SQL注入","SQL注入",-2,-2,"7→5"
"乙太網路","以太網","以太网",-1,-1,"4→3"
"乙太網路路由器","以太網路由器","以太网路由器",-1,-1,"7→6"
"下拉式清單","下拉列表","下拉列表",-1,-1,"5→4"
"千里達及托巴哥","特立尼達和多巴哥","特立尼达和多巴哥",1,1,"7→8"
"大腸激躁症","腸易激綜合徵","肠易激综合征",1,1,"5→6"
"中介軟體","中間件","中间件",-1,-1,"4→3"
"丹尼·鮑伊","丹尼·博伊爾","丹尼·博伊尔",1,1,"5→6"
"分割槽","分區","分区",-1,-1,"3→2"
"厄瓜多","厄瓜多爾","厄瓜多尔",1,1,"3→4"
"厄利垂亞","厄立特里亞","厄立特里亚",1,1,"4→5"
"太空梭","航天飛機","航天飞机",1,1,"3→4"
"巴貝多","巴巴多斯","巴巴多斯",1,1,"3→4"
"巴金森氏症","帕金森病","帕金森病",-1,-1,"5→4"
"主機板","主板","主板",-1,-1,"3→2"
"卡達","卡塔爾","卡塔尔",1,1,"2→3"
"史他汀類","他汀類","他汀类",-1,-1,"4→3"
"史提夫·麥昆","史蒂夫·麥奎因","史蒂夫·麦奎因",1,1,"6→7"
"尼日","尼日爾","尼日尔",1,1,"2→3"
"巨集","宏","宏",-1,-1,"2→1"
"巨集函式","宏函數","宏函数",-1,-1,"4→3"
"巨集呼叫","宏調用","宏调用",-1,-1,"4→3"
"巨集命令","宏命令","宏命令",-1,-1,"4→3"
"巨集定義","宏定義","宏定义",-1,-1,"4→3"
"巨集指令","宏指令","宏指令",-1,-1,"4→3"
"巨集展開","宏展開","宏展开",-1,-1,"4→3"
"巨集處理","宏處理","宏处理",-1,-1,"4→3"
"巨集替換","宏替換","宏替换",-1,-1,"4→3"
"巨集語言","宏語言","宏语言",-1,-1,"4→3"
"正子","正電子","正电子",1,1,"2→3"
"正規化","範式","范式",-1,-1,"3→2"
"目的碼","目標代碼","目标代码",1,1,"3→4"
"伊力·卡山","伊利亞·卡贊","伊利亚·卡赞",1,1,"5→6"
"伊利諾","伊利諾伊","伊利诺伊",1,1,"3→4"
"伊利諾州","伊利諾伊州","伊利诺伊州",1,1,"4→5"
"光碟機","光驅","光驱",-1,-1,"3→2"
"全域性","全局","全局",-1,-1,"3→2"
"多工","多任務","多任务",1,1,"2→3"
"多執行緒","多線程","多线程",-1,-1,"4→3"
"多囊性卵巢症候群","多囊卵巢綜合徵","多囊卵巢综合征",-1,-1,"8→7"
"字串","字符串","字符串",1,1,"2→3"
"字型檔","字庫","字库",-1,-1,"3→2"
"有失真壓縮","有損壓縮","有损压缩",-1,-1,"5→4"
"米歇爾·哈札納維西斯","米歇爾·阿扎納維西於斯","米歇尔·阿扎纳维西于斯",1,1,"10→11"
"血紅素","血紅蛋白","血红蛋白",1,1,"3→4"
"衣索比亞","埃塞俄比亞","埃塞俄比亚",1,1,"4→5"
"位元組","字節","字节",-1,-1,"3→2"
"克羅埃西亞","克羅地亞","克罗地亚",-1,-1,"5→4"
"序列埠","串口","串口",-1,-1,"3→2"
"快取記憶體","高速緩存","高速缓存",-1,-1,"5→4"
"沙烏地阿拉伯","沙特阿拉伯","沙特阿拉伯",-1,-1,"6→5"
"沙烏地阿美","沙特阿美","沙特阿美",-1,-1,"5→4"
"沙烏地阿美公司","沙特阿美公司","沙特阿美公司",-1,-1,"7→6"
"辛巴威","津巴布韋","津巴布韦",1,1,"3→4"
"防寫","寫保護","写保护",1,1,"2→3"
"使用者","用戶","用户",-1,-1,"3→2"
"帕金森氏症","帕金森病","帕金森病",-1,-1,"5→4"
"泡麵","方便麪","方便面",1,1,"2→3"
"波札那","博茨瓦納","博茨瓦纳",1,1,"3→4"
"波克夏海瑟威","伯克希爾哈撒韋","伯克希尔哈撒韦",1,1,"6→7"
"波克夏海瑟威公司","伯克希爾哈撒韋公司","伯克希尔哈撒韦公司",1,1,"8→9"
"肯亞","肯尼亞","肯尼亚",1,1,"2→3"
"阿茲海默氏症","阿爾茨海默氏症","阿尔茨海默氏症",1,1,"6→7"
"阿茲海默症","阿爾茨海默症","阿尔茨海默症",1,1,"5→6"
"非同步","異步","异步",-1,-1,"3→2"
"威廉·佛雷金","威廉·弗萊德金","威廉·弗莱德金",1,1,"6→7"
"後天免疫缺乏症候群","獲得性免疫缺陷綜合徵","获得性免疫缺陷综合征",1,1,"9→10"
"後設資料","元數據","元数据",-1,-1,"4→3"
"指令碼","腳本","脚本",-1,-1,"3→2"
"珍·康萍","簡·坎皮恩","简·坎皮恩",1,1,"4→5"
"突尼西亞","突尼斯","突尼斯",-1,-1,"4→3"
"約瑟夫·孟威茲","約瑟夫·曼凱維奇","约瑟夫·曼凯维奇",1,1,"7→8"
"美屬維京群島","美屬維爾京羣島","美属维尔京群岛",1,1,"6→7"
"重新命名","重命名","重命名",-1,-1,"4→3"
"韋本","韋伯恩","韦伯恩",1,1,"2→3"
"韋瓦第","維瓦爾第","维瓦尔第",1,1,"3→4"
"音效卡","聲卡","声卡",-1,-1,"3→2"
"庫欣氏症候群","庫欣綜合徵","库欣综合征",-1,-1,"6→5"
"朗·霍華","朗·霍華德","朗·霍华德",1,1,"4→5"
"核取方塊","複選框","复选框",-1,-1,"4→3"
"真實模式","實模式","实模式",-1,-1,"4→3"
"索馬利亞","索馬里","索马里",-1,-1,"4→3"
"記憶體","內存","内存",-1,-1,"3→2"
"馬凡氏症","馬方綜合徵","马方综合征",1,1,"4→5"
"馬凡氏症候群","馬方綜合徵","马方综合征",-1,-1,"6→5"
"高畫質","高清","高清",-1,-1,"3→2"
"偵錯程式","調試器","调试器",-1,-1,"4→3"
"區域性","局部","局部",-1,-1,"3→2"
"埠","端口","端口",1,1,"1→2"
"執行緒","線程","线程",-1,-1,"3→2"
"捲軸","滾動條","滚动条",1,1,"2→3"
"梅湘","梅西安","梅西安",1,1,"2→3"
"終端使用者","最終用戶","最终用户",-1,-1,"5→4"
"許可權","權限","权限",-1,-1,"3→2"
"軟碟機","軟驅","软驱",-1,-1,"3→2"
"部落格","博客","博客",-1,-1,"3→2"
"都會網路","城域網","城域网",-1,-1,"4→3"
"麥克·尼可斯","邁克·尼科爾斯","迈克·尼科尔斯",1,1,"6→7"
"麥克·道格拉斯","邁克爾·道格拉斯","迈克尔·道格拉斯",1,1,"7→8"
"最佳化","優化","优化",-1,-1,"3→2"
"凱文·科斯納","凱文·科斯特納","凯文·科斯特纳",1,1,"6→7"
"勞勃·班頓","羅伯特·本頓","罗伯特·本顿",1,1,"5→6"
"勞勃·懷斯","羅伯特·懷斯","罗伯特·怀斯",1,1,"5→6"
"喬治亞共和國","格魯吉亞共和國","格鲁吉亚共和国",1,1,"6→7"
"場效電晶體","場效應管","场效应管",-1,-1,"5→4"
"普羅高菲夫","普羅科菲耶夫","普罗科菲耶夫",1,1,"5→6"
"智慧財產權","知識產權","知识产权",-1,-1,"5→4"
"無失真壓縮","無損壓縮","无损压缩",-1,-1,"5→4"
"程式碼","代碼","代码",-1,-1,"3→2"
"腕隧道症候群","腕管綜合徵","腕管综合征",-1,-1,"6→5"
"萊雅","歐萊雅","欧莱雅",1,1,"2→3"
"萊雅集團","歐萊雅集團","欧莱雅集团",1,1,"4→5"
"虛擬函式","虛函數","虚函数",-1,-1,"4→3"
"虛擬機器","虛擬機","虚拟机",-1,-1,"4→3"
"進位制","進制","进制",-1,-1,"3→2"
"雲端計算","雲計算","云计算",-1,-1,"4→3"
"雲端儲存","雲存儲","云存储",-1,-1,"4→3"
"黃體素","孕酮","孕酮",-1,-1,"3→2"
"匯流排","總線","总线",-1,-1,"3→2"
"奧福","奧爾夫","奥尔夫",1,1,"2→3"
"微控制器","單片機","单片机",-1,-1,"4→3"
"新罕布夏","新罕布什爾","新罕布什尔",1,1,"4→5"
"新罕布夏州","新罕布什爾州","新罕布什尔州",1,1,"5→6"
"獅子山","塞拉利昂","塞拉利昂",1,1,"3→4"
"萬用字元","通配符","通配符",-1,-1,"4→3"
"萬那杜","瓦努阿圖","瓦努阿图",1,1,"3→4"
"經前症候群","經前期綜合徵","经前期综合征",1,1,"5→6"
"葛摩","科摩羅","科摩罗",1,1,"2→3"
"解構子","析構函數","析构函数",1,1,"3→4"
"資料來源","數據源","数据源",-1,-1,"4→3"
"資訊理論","信息論","信息论",-1,-1,"4→3"
"閘道器","網關","网关",-1,-1,"3→2"
"雷諾氏症候群","雷諾綜合徵","雷诺综合征",-1,-1,"6→5"
"電腦保安","計算機安全","计算机安全",1,1,"4→5"
"電腦科學","計算機科學","计算机科学",1,1,"4→5"
"電腦斷層","計算機斷層","计算机断层",1,1,"4→5"
"實體記憶體","物理內存","物理内存",-1,-1,"5→4"
"對話方塊","對話框","对话框",-1,-1,"4→3"
"演算法","算法","算法",-1,-1,"3→2"
"網絡卡","網卡","网卡",-1,-1,"3→2"
"網際網路","互聯網","互联网",-1,-1,"4→3"
"寮人民民主共和國","老撾人民民主共和國","老挝人民民主共和国",1,1,"8→9"
"標頭檔案","頭文件","头文件",-1,-1,"4→3"
"輝達","英偉達","英伟达",1,1,"2→3"
"穆索斯基","穆索爾斯基","穆索尔斯基",1,1,"4→5"
"隨身碟","U盤","U盘",-1,-1,"3→2"
"優先順序","優先級","优先级",-1,-1,"4→3"
"戴奧辛","二噁英","二𫫇英",1,0,"3→4"
"檔名","文件名","文件名",1,1,"2→3"
"縮圖","縮略圖","缩略图",1,1,"2→3"
"薛尼·波拉克","西德尼·波拉克","西德尼·波拉克",1,1,"6→7"
"點陣圖","位圖","位图",-1,-1,"3→2"
"羅勃·辛密克斯","羅伯特·澤米吉斯","罗伯特·泽米吉斯",1,1,"7→8"
"識別符號","標識符","标识符",-1,-1,"4→3"
"關聯式資料庫","關係數據庫","关系数据库",-1,-1,"6→5"
"類别範本","類模板","类模板",-1,-1,"4→3"
"顯示卡","顯卡","显卡",-1,-1,"3→2"
"BMW集團","寶馬集團","宝马集团",-1,-1,"5→4"
"PN接面","PN結","PN结",-1,-1,"4→3"