direction,input,dictionaryTarget,effectiveOutput,sourceDict,inputUtf16,outputUtf16,diffUtf16,inputCodePoints,outputCodePoints,diffCodePoints,lengthChangeType
s2twp,正电子发射计算机断层,正子斷層造影,正子斷層造影,TWPhrases,10,6,-4,10,6,-4,10→6
s2twp,圣基茨和尼维斯,聖克里斯多福及尼維斯,聖克里斯多福及尼維斯,TWPhrases,7,10,3,7,10,3,7→10
s2twp,外键,外部索引鍵,外部索引鍵,TWPhrases,2,5,3,2,5,3,2→5
s2twp,闪存,快閃記憶體,快閃記憶體,TWPhrases,2,5,3,2,5,3,2→5
s2twp,宏编程,巨集程式設計,巨集程式設計,TWPhrases,3,6,3,3,6,3,3→6
s2twp,函数式编程,函數語言程式設計,函數語言程式設計,TWPhrases,5,8,3,5,8,3,5→8
s2twp,抽动秽语综合征,妥瑞氏症,妥瑞氏症,TWPhrases,7,4,-3,7,4,-3,7→4
s2twp,空分多址,分空間多重進接,分空間多重進接,TWPhrases,4,7,3,4,7,3,4→7
s2twp,金属氧化物半导体,金氧半導體,金氧半導體,TWPhrases,8,5,-3,8,5,-3,8→5
s2twp,显存,視訊記憶體,視訊記憶體,TWPhrases,2,5,3,2,5,3,2→5
s2twp,彩超,彩色超音波,彩色超音波,TWPhrases,2,5,3,2,5,3,2→5
s2twp,盘符,磁碟機代號,磁碟機代號,TWPhrases,2,5,3,2,5,3,2→5
s2twp,万维网,全球資訊網,全球資訊網,TWPhrases,3,5,2,3,5,2,3→5
s2twp,土库曼斯坦,土庫曼,土庫曼,TWPhrases,5,3,-2,5,3,-2,5→3
s2twp,乌兹别克斯坦,烏茲別克,烏茲別克,TWPhrases,6,4,-2,6,4,-2,6→4
s2twp,元编程,超程式設計,超程式設計,TWPhrases,3,5,2,3,5,2,3→5
s2twp,内存条,記憶體模組,記憶體模組,TWPhrases,3,5,2,3,5,2,3→5
s2twp,心梗,心肌梗塞,心肌梗塞,TWPhrases,2,4,2,2,4,2,2→4
s2twp,文件扩展名,副檔名,副檔名,TWPhrases,5,3,-2,5,3,-2,5→3
s2twp,句柄,控制代碼,控制代碼,TWPhrases,2,4,2,2,4,2,2→4
s2twp,可执行文件,執行檔,執行檔,TWPhrases,5,3,-2,5,3,-2,5→3
s2twp,可擦写可编程只读存储器,可擦寫可編程只讀存儲器,可擦寫可程式設計只讀儲存器,STPhrases,11,13,2,11,13,2,11→13
s2twp,台式机,桌上型電腦,桌上型電腦,TWPhrases,3,5,2,3,5,2,3→5
s2twp,圣文森特和格林纳丁斯,聖文森及格瑞那丁,聖文森及格瑞那丁,TWPhrases,10,8,-2,10,8,-2,10→8
s2twp,弗朗西丝·麦克多曼德,法蘭西絲·麥朵曼,法蘭西絲·麥朵曼,TWPhrases,10,8,-2,10,8,-2,10→8
s2twp,扑热息痛,對乙醯胺基酚,對乙醯胺基酚,TWPhrases,4,6,2,4,6,2,4→6
s2twp,用户名,使用者名稱,使用者名稱,TWPhrases,3,5,2,3,5,2,3→5
s2twp,电缆调制解调器,電纜調製解調器,電纜數據機,STPhrases,7,5,-2,7,5,-2,7→5
s2twp,亚历杭德罗·冈萨雷斯·伊纳里图,阿利安卓·崗札雷·伊納利圖,阿利安卓·崗札雷·伊納利圖,TWPhrases,15,13,-2,15,13,-2,15→13
s2twp,吉列尔莫·德尔托罗,吉勒摩·戴托羅,吉勒摩·戴托羅,TWPhrases,9,7,-2,9,7,-2,9→7
s2twp,扩展,擴充套件,擴充套件,TWPhrases,2,4,2,2,4,2,2→4
s2twp,网上邻居,網路上的芳鄰,網路上的芳鄰,TWPhrases,4,6,2,4,6,2,4→6
s2twp,自动转屏,自動旋轉螢幕,自動旋轉螢幕,TWPhrases,4,6,2,4,6,2,4→6
s2twp,伯克希尔-哈撒韦,波克夏海瑟威,波克夏海瑟威,TWPhrases,8,6,-2,8,6,-2,8→6
s2twp,伯克希尔-哈撒韦公司,波克夏海瑟威公司,波克夏海瑟威公司,TWPhrases,10,8,-2,10,8,-2,10→8
s2twp,克林特·伊斯特伍德,克林·伊斯威特,克林·伊斯威特,TWPhrases,9,7,-2,9,7,-2,9→7
s2twp,时分多址,分時多重進接,分時多重進接,TWPhrases,4,6,2,4,6,2,4→6
s2twp,过程式编程,程序式程式設計,程序式程式設計,TWPhrases,5,7,2,5,7,2,5→7
s2twp,刷新,重新整理,重新整理,TWPhrases,2,4,2,2,4,2,2→4
s2twp,刷新纪录,刷新紀錄,重新整理紀錄,STPhrases,4,6,2,4,6,2,4→6
s2twp,卸载,解除安裝,解除安裝,TWPhrases,2,4,2,2,4,2,2→4
s2twp,命令式编程,指令式程式設計,指令式程式設計,TWPhrases,5,7,2,5,7,2,5→7
s2twp,图雷特综合征,妥瑞氏症,妥瑞氏症,TWPhrases,6,4,-2,6,4,-2,6→4
s2twp,房扑,心房撲動,心房撲動,TWPhrases,2,4,2,2,4,2,2→4
s2twp,房颤,心房顫動,心房顫動,TWPhrases,2,4,2,2,4,2,2→4
s2twp,波分复用,波長分波多工,波長分波多工,TWPhrases,4,6,2,4,6,2,4→6
s2twp,注册机,序號產生器,序號產生器,TWPhrases,3,5,2,3,5,2,3→5
s2twp,码分多址,分碼多重進接,分碼多重進接,TWPhrases,4,6,2,4,6,2,4→6
s2twp,码率,位元速率,位元速率,TWPhrases,2,4,2,2,4,2,2→4
s2twp,罗伯特·雷德福,勞勃·瑞福,勞勃·瑞福,TWPhrases,7,5,-2,7,5,-2,7→5
s2twp,阿斯利康,阿斯特捷利康,阿斯特捷利康,TWPhrases,4,6,2,4,6,2,4→6
s2twp,阿斯利康公司,阿斯特捷利康公司,阿斯特捷利康公司,TWPhrases,6,8,2,6,8,2,6→8
s2twp,哈萨克斯坦,哈薩克,哈薩克,TWPhrases,5,3,-2,5,3,-2,5→3
s2twp,室颤,心室顫動,心室顫動,TWPhrases,2,4,2,2,4,2,2→4
s2twp,挂断,結束通話,結束通話,TWPhrases,2,4,2,2,4,2,2→4
s2twp,首席执行官,執行長,執行長,TWPhrases,5,3,-2,5,3,-2,5→3
s2twp,首席技术官,技術長,技術長,TWPhrases,5,3,-2,5,3,-2,5→3
s2twp,首席运营官,營運長,營運長,TWPhrases,5,3,-2,5,3,-2,5→3
s2twp,首席信息官,資訊長,資訊長,TWPhrases,5,3,-2,5,3,-2,5→3
s2twp,借记卡,簽帳金融卡,簽帳金融卡,TWPhrases,3,5,2,3,5,2,3→5
s2twp,唐氏综合征,唐氏症,唐氏症,TWPhrases,5,3,-2,5,3,-2,5→3
s2twp,唐氏综合症,唐氏症,唐氏症,TWPhrases,5,3,-2,5,3,-2,5→3
s2twp,调制解调器,數據機,數據機,TWPhrases,5,3,-2,5,3,-2,5→3
s2twp,控件,控制元件,控制元件,TWPhrases,2,4,2,2,4,2,2→4
s2twp,斯蒂芬·斯皮尔伯格,史蒂芬·史匹柏,史蒂芬·史匹柏,TWPhrases,9,7,-2,9,7,-2,9→7
s2twp,温纳图万,那杜,那杜,TWPhrases,4,2,-2,4,2,-2,4→2
s2twp,程序员,程式設計師,程式設計師,TWPhrases,3,5,2,3,5,2,3→5
s2twp,编程,程式設計,程式設計,TWPhrases,2,4,2,2,4,2,2→4
s2twp,链表,連結串列,連結串列,TWPhrases,2,4,2,2,4,2,2→4
s2twp,塔吉克斯坦,塔吉克,塔吉克,TWPhrases,5,3,-2,5,3,-2,5→3
s2twp,数据调制解调器,數據調製解調器,資料數據機,STPhrases,7,5,-2,7,5,-2,7→5
s2twp,睡眠呼吸暂停综合征,睡眠呼吸中止症,睡眠呼吸中止症,TWPhrases,9,7,-2,9,7,-2,9→7
s2twp,触摸屏,觸控式螢幕,觸控式螢幕,TWPhrases,3,5,2,3,5,2,3→5
s2twp,频分多址,分頻多重進接,分頻多重進接,TWPhrases,4,6,2,4,6,2,4→6
s2twp,演示文稿,簡報,簡報,TWPhrases,4,2,-2,4,2,-2,4→2
s2twp,蓝屏,藍色畫面,藍色畫面,TWPhrases,2,4,2,2,4,2,2→4
s2twp,蹦极,高空彈跳,高空彈跳,TWPhrases,2,4,2,2,4,2,2→4
s2twp,SQL注入,SQL隱碼攻擊,SQL隱碼攻擊,TWPhrases,5,7,2,5,7,2,5→7
s2twp,二进制,二進制,二進位制,STPhrases,3,4,1,3,4,1,3→4
s2twp,二𫫇英,戴奧辛,戴奧辛,TWPhrases,4,3,-1,3,3,0,4→3
s2twp,八进制,八進制,八進位制,STPhrases,3,4,1,3,4,1,3→4
s2twp,十六进制,十六進制,十六進位制,STPhrases,4,5,1,4,5,1,4→5
s2twp,十进制,十進制,十進位制,STPhrases,3,4,1,3,4,1,3→4
s2twp,下拉列表,下拉式清單,下拉式清單,TWPhrases,4,5,1,4,5,1,4→5
s2twp,个人用户,個人用戶,個人使用者,STPhrases,4,5,1,4,5,1,4→5
s2twp,千字节,千字節,千位元組,STPhrases,3,4,1,3,4,1,3→4
s2twp,马凡综合征,馬凡氏症候群,馬凡氏症候群,TWPhrases,5,6,1,5,6,1,5→6
s2twp,马方综合征,馬凡氏症候群,馬凡氏症候群,TWPhrases,5,6,1,5,6,1,5→6
s2twp,中间件,中介軟體,中介軟體,TWPhrases,3,4,1,3,4,1,3→4
s2twp,丹尼·博伊尔,丹尼·鮑伊,丹尼·鮑伊,TWPhrases,6,5,-1,6,5,-1,6→5
s2twp,云计算,雲端計算,雲端計算,TWPhrases,3,4,1,3,4,1,3→4
s2twp,云存储,雲端儲存,雲端儲存,TWPhrases,3,4,1,3,4,1,3→4
s2twp,互联网,網際網路,網際網路,TWPhrases,3,4,1,3,4,1,3→4
s2twp,元数据,後設資料,後設資料,TWPhrases,3,4,1,3,4,1,3→4
s2twp,内存,記憶體,記憶體,TWPhrases,2,3,1,2,3,1,2→3
s2twp,分区,分割槽,分割槽,TWPhrases,2,3,1,2,3,1,2→3
s2twp,厄瓜多尔,厄瓜多,厄瓜多,TWPhrases,4,3,-1,4,3,-1,4→3
s2twp,厄立特里亚,厄利垂亞,厄利垂亞,TWPhrases,5,4,-1,5,4,-1,5→4
s2twp,巴巴多斯,巴貝多,巴貝多,TWPhrases,4,3,-1,4,3,-1,4→3
s2twp,文件名,檔名,檔名,TWPhrases,3,2,-1,3,2,-1,3→2
s2twp,方便面,泡麵,泡麵,TWPhrases,3,2,-1,3,2,-1,3→2
s2twp,无损压缩,無失真壓縮,無失真壓縮,TWPhrases,4,5,1,4,5,1,4→5
s2twp,计算机安全,電腦保安,電腦保安,TWPhrases,5,4,-1,5,4,-1,5→4
s2twp,计算机科学,電腦科學,電腦科學,TWPhrases,5,4,-1,5,4,-1,5→4
s2twp,计算机断层,電腦斷層,電腦斷層,TWPhrases,5,4,-1,5,4,-1,5→4
s2twp,韦伯恩,韋本,韋本,TWPhrases,3,2,-1,3,2,-1,3→2
s2twp,主板,主機板,主機板,TWPhrases,2,3,1,2,3,1,2→3
s2twp,他汀类,史他汀類,史他汀類,TWPhrases,3,4,1,3,4,1,3→4
s2twp,代码,程式碼,程式碼,TWPhrases,2,3,1,2,3,1,2→3
s2twp,代码表,代碼表,程式碼表,STPhrases,3,4,1,3,4,1,3→4
s2twp,以太网,乙太網路,乙太網路,TWPhrases,3,4,1,3,4,1,3→4
s2twp,以太网路由器,乙太網路路由器,乙太網路路由器,TWPhrases,6,7,1,6,7,1,6→7
s2twp,写保护,防寫,防寫,TWPhrases,3,2,-1,3,2,-1,3→2
s2twp,占局部,佔局部,佔區域性,STPhrases,3,4,1,3,4,1,3→4
s2twp,卡塔尔,卡達,卡達,TWPhrases,3,2,-1,3,2,-1,3→2
s2twp,史蒂夫·麦奎因,史提夫·麥昆,史提夫·麥昆,TWPhrases,7,6,-1,7,6,-1,7→6
s2twp,头文件,標頭檔案,標頭檔案,TWPhrases,3,4,1,3,4,1,3→4
s2twp,孕酮,黃體素,黃體素,TWPhrases,2,3,1,2,3,1,2→3
s2twp,对话框,對話方塊,對話方塊,TWPhrases,3,4,1,3,4,1,3→4
s2twp,尼日尔,尼日,尼日,TWPhrases,3,2,-1,3,2,-1,3→2
s2twp,正电子,正子,正子,TWPhrases,3,2,-1,3,2,-1,3→2
s2twp,正电子发射体层,正電子發射體層,正子發射體層,STPhrases,7,6,-1,7,6,-1,7→6
s2twp,正电子发射层析,正電子發射層析,正子發射層析,STPhrases,7,6,-1,7,6,-1,7→6
s2twp,正电子发射断层照相术,正電子發射斷層照相術,正子發射斷層照相術,STPhrases,10,9,-1,10,9,-1,10→9
s2twp,瓦努阿图,萬那杜,萬那杜,TWPhrases,4,3,-1,4,3,-1,4→3
s2twp,用户,使用者,使用者,TWPhrases,2,3,1,2,3,1,2→3
s2twp,用户界面,用戶界面,使用者介面,STPhrases,4,5,1,4,5,1,4→5
s2twp,用户数据,用戶數據,使用者資料,STPhrases,4,5,1,4,5,1,4→5
s2twp,目标代码,目的碼,目的碼,TWPhrases,4,3,-1,4,3,-1,4→3
s2twp,𬣙,訏,訏,STCharacters,2,1,-1,1,1,0,2→1
s2twp,伊利亚·卡赞,伊力·卡山,伊力·卡山,TWPhrases,6,5,-1,6,5,-1,6→5
s2twp,伊利诺伊,伊利諾,伊利諾,TWPhrases,4,3,-1,4,3,-1,4→3
s2twp,伊利诺伊州,伊利諾州,伊利諾州,TWPhrases,5,4,-1,5,4,-1,5→4
s2twp,优化,最佳化,最佳化,TWPhrases,2,3,1,2,3,1,2→3
s2twp,优先级,優先順序,優先順序,TWPhrases,3,4,1,3,4,1,3→4
s2twp,光驱,光碟機,光碟機,TWPhrases,2,3,1,2,3,1,2→3
s2twp,全局,全域性,全域性,TWPhrases,2,3,1,2,3,1,2→3
s2twp,全国不分区代表,全國不分區代表,全國不分割槽代表,STPhrases,7,8,1,7,8,1,7→8
s2twp,关系数据库,關聯式資料庫,關聯式資料庫,TWPhrases,5,6,1,5,6,1,5→6
s2twp,场效应管,場效電晶體,場效電晶體,TWPhrases,4,5,1,4,5,1,4→5
s2twp,多任务,多工,多工,TWPhrases,3,2,-1,3,2,-1,3→2
s2twp,多线程,多執行緒,多執行緒,TWPhrases,3,4,1,3,4,1,3→4
s2twp,多囊卵巢综合征,多囊性卵巢症候群,多囊性卵巢症候群,TWPhrases,7,8,1,7,8,1,7→8
s2twp,字节,位元組,位元組,TWPhrases,2,3,1,2,3,1,2→3
s2twp,字库,字型檔,字型檔,TWPhrases,2,3,1,2,3,1,2→3
s2twp,字符串,字串,字串,TWPhrases,3,2,-1,3,2,-1,3→2
s2twp,异步,非同步,非同步,TWPhrases,2,3,1,2,3,1,2→3
s2twp,有损压缩,有失真壓縮,有失真壓縮,TWPhrases,4,5,1,4,5,1,4→5
s2twp,权限,許可權,許可權,TWPhrases,2,3,1,2,3,1,2→3
s2twp,𬇕,澫,澫,STCharacters,2,1,-1,1,1,0,2→1
s2twp,灰面𫛭鹰,灰面鵟鷹,灰面鵟鷹,STPhrases,5,4,-1,4,4,0,5→4
s2twp,米歇尔·阿扎纳维西于斯,米歇爾·哈札納維西斯,米歇爾·哈札納維西斯,TWPhrases,11,10,-1,11,10,-1,11→10
s2twp,约瑟夫·曼凯维奇,約瑟夫·孟威茲,約瑟夫·孟威茲,TWPhrases,8,7,-1,8,7,-1,8→7
s2twp,𬘓,紃,紃,STCharacters,2,1,-1,1,1,0,2→1
s2twp,网卡,網絡卡,網絡卡,TWPhrases,2,3,1,2,3,1,2→3
s2twp,网关,閘道器,閘道器,TWPhrases,2,3,1,2,3,1,2→3
s2twp,老年性痴呆症,老年失智症,老年失智症,TWPhrases,6,5,-1,6,5,-1,6→5
s2twp,老挝人民民主共和国,寮人民民主共和國,寮人民民主共和國,TWPhrases,9,8,-1,9,8,-1,9→8
s2twp,血红蛋白,血紅素,血紅素,TWPhrases,4,3,-1,4,3,-1,4→3
s2twp,西德尼·波拉克,薛尼·波拉克,薛尼·波拉克,TWPhrases,7,6,-1,7,6,-1,7→6
s2twp,𬣞,詝,詝,STCharacters,2,1,-1,1,1,0,2→1
s2twp,串口,序列埠,序列埠,TWPhrases,2,3,1,2,3,1,2→3
s2twp,串行端口,序列埠,序列埠,TWPhrases,4,3,-1,4,3,-1,4→3
s2twp,伯克希尔哈撒韦,波克夏海瑟威,波克夏海瑟威,TWPhrases,7,6,-1,7,6,-1,7→6
s2twp,伯克希尔哈撒韦公司,波克夏海瑟威公司,波克夏海瑟威公司,TWPhrases,9,8,-1,9,8,-1,9→8
s2twp,位图,點陣圖,點陣圖,TWPhrases,2,3,1,2,3,1,2→3
s2twp,克罗地亚,克羅埃西亞,克羅埃西亞,TWPhrases,4,5,1,4,5,1,4→5
s2twp,克罗地亚共和国,克羅地亞共和國,克羅埃西亞共和國,STPhrases,7,8,1,7,8,1,7→8
s2twp,克罗地亚语,克羅地亞語,克羅埃西亞語,STPhrases,5,6,1,5,6,1,5→6
s2twp,坛𬴃,罈騞,罈騞,STPhrases,3,2,-1,2,2,0,3→2
s2twp,𫭟,塸,塸,STCharacters,2,1,-1,1,1,0,2→1
s2twp,𫭢,埨,埨,STCharacters,2,1,-1,1,1,0,2→1
s2twp,声卡,音效卡,音效卡,TWPhrases,2,3,1,2,3,1,2→3
s2twp,宏处理,巨集處理,巨集處理,TWPhrases,3,4,1,3,4,1,3→4
s2twp,宏函数,巨集函式,巨集函式,TWPhrases,3,4,1,3,4,1,3→4
s2twp,宏命令,巨集命令,巨集命令,TWPhrases,3,4,1,3,4,1,3→4
s2twp,宏定义,巨集定義,巨集定義,TWPhrases,3,4,1,3,4,1,3→4
s2twp,宏指令,巨集指令,巨集指令,TWPhrases,3,4,1,3,4,1,3→4
s2twp,宏语言,巨集語言,巨集語言,TWPhrases,3,4,1,3,4,1,3→4
s2twp,宏展开,巨集展開,巨集展開,TWPhrases,3,4,1,3,4,1,3→4
s2twp,宏调用,巨集呼叫,巨集呼叫,TWPhrases,3,4,1,3,4,1,3→4
s2twp,宏替换,巨集替換,巨集替換,TWPhrases,3,4,1,3,4,1,3→4
s2twp,局部,區域性,區域性,TWPhrases,2,3,1,2,3,1,2→3
s2twp,𫵷,㠣,㠣,STCharacters,2,1,-1,1,1,0,2→1
s2twp,库欣综合征,庫欣氏症候群,庫欣氏症候群,TWPhrases,5,6,1,5,6,1,5→6
s2twp,𫸩,彄,彄,STCharacters,2,1,-1,1,1,0,2→1
s2twp,折足覆𫗧,折足覆餗,折足覆餗,STPhrases,5,4,-1,4,4,0,5→4
s2twp,折鼎覆𫗧,折鼎覆餗,折鼎覆餗,STPhrases,5,4,-1,4,4,0,5→4
s2twp,折算法,折算法,折演算法,STPhrases,3,4,1,3,4,1,3→4
s2twp,步进制,步進制,步進位制,STPhrases,3,4,1,3,4,1,3→4
s2twp,每端口价格,每端口價格,每埠價格,STPhrases,5,4,-1,5,4,-1,5→4
s2twp,沙特阿拉伯,沙烏地阿拉伯,沙烏地阿拉伯,TWPhrases,5,6,1,5,6,1,5→6
s2twp,沙特阿美,沙烏地阿美,沙烏地阿美,TWPhrases,4,5,1,4,5,1,4→5
s2twp,沙特阿美公司,沙烏地阿美公司,沙烏地阿美公司,TWPhrases,6,7,1,6,7,1,6→7
s2twp,𣲗,湋,湋,STCharacters,2,1,-1,1,1,0,2→1
s2twp,𣲘,潕,潕,STCharacters,2,1,-1,1,1,0,2→1
s2twp,𣲘溪,潕谿,潕谿,STPhrases,3,2,-1,2,2,0,3→2
s2twp,𬇙,浿,浿,STCharacters,2,1,-1,1,1,0,2→1
s2twp,𬘘,紞,紞,STCharacters,2,1,-1,1,1,0,2→1
s2twp,肠易激综合征,大腸激躁症,大腸激躁症,TWPhrases,6,5,-1,6,5,-1,6→5
s2twp,𬣡,諓,諓,STCharacters,2,1,-1,1,1,0,2→1
s2twp,𫐄,軏,軏,STCharacters,2,1,-1,1,1,0,2→1
s2twp,迈克·尼科尔斯,麥克·尼可斯,麥克·尼可斯,TWPhrases,7,6,-1,7,6,-1,7→6
s2twp,迈克尔·道格拉斯,麥克·道格拉斯,麥克·道格拉斯,TWPhrases,8,7,-1,8,7,-1,8→7
s2twp,𫘜,馼,馼,STCharacters,2,1,-1,1,1,0,2→1
s2twp,𫘝,駃,駃,STCharacters,2,1,-1,1,1,0,2→1
s2twp,凯文·科斯特纳,凱文·科斯納,凱文·科斯納,TWPhrases,7,6,-1,7,6,-1,7→6
s2twp,单片机,微控制器,微控制器,TWPhrases,3,4,1,3,4,1,3→4
s2twp,周𫖮,周顗,周顗,STPhrases,3,2,-1,2,2,0,3→2
s2twp,图形用户界面,圖形用戶界面,圖形使用者介面,STPhrases,6,7,1,6,7,1,6→7
s2twp,图像用户介面,圖像用戶介面,影像使用者介面,STPhrases,6,7,1,6,7,1,6→7
s2twp,𫰛,娙,娙,STCharacters,2,1,-1,1,1,0,2→1
s2twp,宝马集团,BMW集團,BMW集團,TWPhrases,4,5,1,4,5,1,4→5
s2twp,实模式,真實模式,真實模式,TWPhrases,3,4,1,3,4,1,3→4
s2twp,帕金森病,帕金森氏症,帕金森氏症,TWPhrases,4,5,1,4,5,1,4→5
s2twp,𬀩,暐,暐,STCharacters,2,1,-1,1,1,0,2→1
s2twp,𬀪,晛,晛,STCharacters,2,1,-1,1,1,0,2→1
s2twp,欧莱雅,萊雅,萊雅,TWPhrases,3,2,-1,3,2,-1,3→2
s2twp,欧莱雅集团,萊雅集團,萊雅集團,TWPhrases,5,4,-1,5,4,-1,5→4
s2twp,注册用户,註冊用戶,註冊使用者,STPhrases,4,5,1,4,5,1,4→5
s2twp,𬉼,熰,熰,STCharacters,2,1,-1,1,1,0,2→1
s2twp,物理内存,實體記憶體,實體記憶體,TWPhrases,4,5,1,4,5,1,4→5
s2twp,的士,計程車,計程車,TWPhrases,2,3,1,2,3,1,2→3
s2twp,知识产权,智慧財產權,智慧財產權,TWPhrases,4,5,1,4,5,1,4→5
s2twp,线程,執行緒,執行緒,TWPhrases,2,3,1,2,3,1,2→3
s2twp,经前期综合征,經前症候群,經前症候群,TWPhrases,6,5,-1,6,5,-1,6→5
s2twp,罗伯特·本顿,勞勃·班頓,勞勃·班頓,TWPhrases,6,5,-1,6,5,-1,6→5
s2twp,罗伯特·怀斯,勞勃·懷斯,勞勃·懷斯,TWPhrases,6,5,-1,6,5,-1,6→5
s2twp,罗伯特·泽米吉斯,羅勃·辛密克斯,羅勃·辛密克斯,TWPhrases,8,7,-1,8,7,-1,8→7
s2twp,肯尼亚,肯亞,肯亞,TWPhrases,3,2,-1,3,2,-1,3→2
s2twp,𫇭,蔿,蒍,STCharacters,2,1,-1,1,1,0,2→1
s2twp,𫍣,詷,詷,STCharacters,2,1,-1,1,1,0,2→1
s2twp,𬣳,詪,詪,STCharacters,2,1,-1,1,1,0,2→1
s2twp,软驱,軟碟機,軟碟機,TWPhrases,2,3,1,2,3,1,2→3
s2twp,𬨂,軝,軝,STCharacters,2,1,-1,1,1,0,2→1
s2twp,进制,進位制,進位制,TWPhrases,2,3,1,2,3,1,2→3
s2twp,𬬩,釴,釴,STCharacters,2,1,-1,1,1,0,2→1
s2twp,阿尔茨海默氏症,阿茲海默氏症,阿茲海默氏症,TWPhrases,7,6,-1,7,6,-1,7→6
s2twp,阿尔茨海默病,阿茲海默症,阿茲海默症,TWPhrases,6,5,-1,6,5,-1,6→5
s2twp,阿尔茨海默症,阿茲海默症,阿茲海默症,TWPhrases,6,5,-1,6,5,-1,6→5
s2twp,𫠊,䮄,䮄,STCharacters,2,1,-1,1,1,0,2→1
s2twp,𬳵,駓,駓,STCharacters,2,1,-1,1,1,0,2→1
s2twp,𬳶,駉,駉,STCharacters,2,1,-1,1,1,0,2→1
s2twp,信息论,資訊理論,資訊理論,TWPhrases,3,4,1,3,4,1,3→4
s2twp,城域网,都會網路,都會網路,TWPhrases,3,4,1,3,4,1,3→4
s2twp,复选框,核取方塊,核取方塊,TWPhrases,3,4,1,3,4,1,3→4
s2twp,威廉·弗莱德金,威廉·佛雷金,威廉·佛雷金,TWPhrases,7,6,-1,7,6,-1,7→6
s2twp,总线,匯流排,匯流排,TWPhrases,2,3,1,2,3,1,2→3
s2twp,显卡,顯示卡,顯示卡,TWPhrases,2,3,1,2,3,1,2→3
s2twp,标识符,識別符號,識別符號,TWPhrases,3,4,1,3,4,1,3→4
s2twp,津巴布韦,辛巴威,辛巴威,TWPhrases,4,3,-1,4,3,-1,4→3
s2twp,𬍛,瓅,瓅,STCharacters,2,1,-1,1,1,0,2→1
s2twp,𪾢,睍,睍,STCharacters,2,1,-1,1,1,0,2→1
s2twp,科摩罗,葛摩,葛摩,TWPhrases,3,2,-1,3,2,-1,3→2
s2twp,突尼斯,突尼西亞,突尼西亞,TWPhrases,3,4,1,3,4,1,3→4
s2twp,类模板,類别範本,類别範本,TWPhrases,3,4,1,3,4,1,3→4
s2twp,𬘡,絪,絪,STCharacters,2,1,-1,1,1,0,2→1
s2twp,𬘩,綎,綎,STCharacters,2,1,-1,1,1,0,2→1
s2twp,美属维尔京群岛,美屬維京群島,美屬維京群島,TWPhrases,7,6,-1,7,6,-1,7→6
s2twp,英伟达,輝達,輝達,TWPhrases,3,2,-1,3,2,-1,3→2
s2twp,𬜬,蔄,蔄,STCharacters,2,1,-1,1,1,0,2→1
s2twp,𬩽,鄩,鄩,STCharacters,2,1,-1,1,1,0,2→1
s2twp,重命名,重新命名,重新命名,TWPhrases,3,4,1,3,4,1,3→4
s2twp,𫓧,鈇,鈇,STCharacters,2,1,-1,1,1,0,2→1
s2twp,𬬭,錀,錀,STCharacters,2,1,-1,1,1,0,2→1
s2twp,𬬮,鋹,鋹,STCharacters,2,1,-1,1,1,0,2→1
s2twp,𬬱,釿,釿,STCharacters,2,1,-1,1,1,0,2→1
s2twp,𬮿,隑,隑,STCharacters,2,1,-1,1,1,0,2→1
s2twp,𬯀,隮,隮,STCharacters,2,1,-1,1,1,0,2→1
s2twp,𬳽,駪,駪,STCharacters,2,1,-1,1,1,0,2→1
s2twp,𫢸,僤,僤,STCharacters,2,1,-1,1,1,0,2→1
s2twp,𪟝,勣,勣,STCharacters,2,1,-1,1,1,0,2→1
s2twp,埃塞俄比亚,衣索比亞,衣索比亞,TWPhrases,5,4,-1,5,4,-1,5→4
s2twp,𪨶,輋,輋,STCharacters,2,1,-1,1,1,0,2→1
s2twp,恶意代码,惡意代碼,惡意程式碼,STPhrases,4,5,1,4,5,1,4→5
s2twp,朗·霍华德,朗·霍華,朗·霍華,TWPhrases,5,4,-1,5,4,-1,5→4
s2twp,格鲁吉亚,喬治亞,喬治亞,TWPhrases,4,3,-1,4,3,-1,4→3
s2twp,格鲁吉亚共和国,喬治亞共和國,喬治亞共和國,TWPhrases,7,6,-1,7,6,-1,7→6
s2twp,㭣,𣙎,𣙎,STCharacters,1,2,1,1,1,0,1→2
s2twp,𬂩,梜,梜,STCharacters,2,1,-1,1,1,0,2→1
s2twp,𬊈,燖,燖,STCharacters,2,1,-1,1,1,0,2→1
s2twp,特立尼达和多巴哥,千里達及托巴哥,千里達及托巴哥,TWPhrases,8,7,-1,8,7,-1,8→7
s2twp,𬍤,璕,璕,STCharacters,2,1,-1,1,1,0,2→1
s2twp,𬒈,礐,礐,STCharacters,2,1,-1,1,1,0,2→1
s2twp,索马里,索馬利亞,索馬利亞,TWPhrases,3,4,1,3,4,1,3→4
s2twp,索马里亚,索馬里亞,索馬利亞亞,STPhrases,4,5,1,4,5,1,4→5
s2twp,𫄧,綖,綖,STCharacters,2,1,-1,1,1,0,2→1
s2twp,𫄨,絺,絺,STCharacters,2,1,-1,1,1,0,2→1
s2twp,𬘫,綄,綄,STCharacters,2,1,-1,1,1,0,2→1
s2twp,脑梗,腦梗塞,腦梗塞,TWPhrases,2,3,1,2,3,1,2→3
s2twp,航天飞机,太空梭,太空梭,TWPhrases,4,3,-1,4,3,-1,4→3
s2twp,𬜯,䓣,䓣,STCharacters,2,1,-1,1,1,0,2→1
s2twp,调试器,偵錯程式,偵錯程式,TWPhrases,3,4,1,3,4,1,3→4
s2twp,𨐈,輄,輄,STCharacters,2,1,-1,1,1,0,2→1
s2twp,𫑡,鄳,鄳,STCharacters,2,1,-1,1,1,0,2→1
s2twp,𬬸,鉥,鉥,STCharacters,2,1,-1,1,1,0,2→1
s2twp,𬬹,鉮,鉮,STCharacters,2,1,-1,1,1,0,2→1
s2twp,𬬻,鑪,鑪,STCharacters,2,1,-1,1,1,0,2→1
s2twp,𬬿,鉊,鉊,STCharacters,2,1,-1,1,1,0,2→1
s2twp,𬭁,鉧,鉧,STCharacters,2,1,-1,1,1,0,2→1
s2twp,𫠆,頍,頍,STCharacters,2,1,-1,1,1,0,2→1
s2twp,𫗧,餗,餗,STCharacters,2,1,-1,1,1,0,2→1
s2twp,𬳿,駼,駼,STCharacters,2,1,-1,1,1,0,2→1
s2twp,高清,高畫質,高畫質,TWPhrases,2,3,1,2,3,1,2→3
s2twp,高清愿,高清愿,高畫質愿,STPhrases,3,4,1,3,4,1,3→4
s2twp,高速缓存,快取記憶體,快取記憶體,TWPhrases,4,5,1,4,5,1,4→5
s2twp,𠵾,㗲,㗲,STCharacters,2,1,-1,1,1,0,2→1
s2twp,𫮃,墠,墠,STCharacters,2,1,-1,1,1,0,2→1
s2twp,梅西安,梅湘,梅湘,TWPhrases,3,2,-1,3,2,-1,3→2
s2twp,𬇹,漍,漍,STCharacters,2,1,-1,1,1,0,2→1
s2twp,𬍡,璗,璗,STCharacters,2,1,-1,1,1,0,2→1
s2twp,维瓦尔第,韋瓦第,韋瓦第,TWPhrases,4,3,-1,4,3,-1,4→3
s2twp,𫟅,綡,綡,STCharacters,2,1,-1,1,1,0,2→1
s2twp,𬘬,綪,綪,STCharacters,2,1,-1,1,1,0,2→1
s2twp,𬘭,綝,綝,STCharacters,2,1,-1,1,1,0,2→1
s2twp,𬘯,綧,綧,STCharacters,2,1,-1,1,1,0,2→1
s2twp,脚本,指令碼,指令碼,TWPhrases,2,3,1,2,3,1,2→3
s2twp,𦛨,朥,朥,STCharacters,2,1,-1,1,1,0,2→1
s2twp,获得性免疫缺陷综合征,後天免疫缺乏症候群,後天免疫缺乏症候群,TWPhrases,10,9,-1,10,9,-1,10→9
s2twp,虚函数,虛擬函式,虛擬函式,TWPhrases,3,4,1,3,4,1,3→4
s2twp,虚拟机,虛擬機器,虛擬機器,TWPhrases,3,4,1,3,4,1,3→4
s2twp,𬟽,蝀,蝀,STCharacters,2,1,-1,1,1,0,2→1
s2twp,𫍯,諴,諴,STCharacters,2,1,-1,1,1,0,2→1
s2twp,𫍲,謏,謏,STCharacters,2,1,-1,1,1,0,2→1
s2twp,𬤇,諲,諲,STCharacters,2,1,-1,1,1,0,2→1
s2twp,𬤊,諟,諟,STCharacters,2,1,-1,1,1,0,2→1
s2twp,通配符,萬用字元,萬用字元,TWPhrases,3,4,1,3,4,1,3→4
s2twp,𫓯,銈,銈,STCharacters,2,1,-1,1,1,0,2→1
s2twp,𫟹,鉷,鉷,STCharacters,2,1,-1,1,1,0,2→1
s2twp,𬱖,頔,頔,STCharacters,2,1,-1,1,1,0,2→1
s2twp,𫘦,騊,騊,STCharacters,2,1,-1,1,1,0,2→1
s2twp,𫘧,騄,騄,STCharacters,2,1,-1,1,1,0,2→1
s2twp,𬴂,騑,騑,STCharacters,2,1,-1,1,1,0,2→1
s2twp,最终用户,終端使用者,終端使用者,TWPhrases,4,5,1,4,5,1,4→5
s2twp,博客,部落格,部落格,TWPhrases,2,3,1,2,3,1,2→3
s2twp,博客里,博客裏,部落格裡,STPhrases,3,4,1,3,4,1,3→4
s2twp,博茨瓦纳,波札那,波札那,TWPhrases,4,3,-1,4,3,-1,4→3
s2twp,𪣻,塿,塿,STCharacters,2,1,-1,1,1,0,2→1
s2twp,奥尔夫,奧福,奧福,TWPhrases,3,2,-1,3,2,-1,3→2
s2twp,𡞱,㜢,㜢,STCharacters,2,1,-1,1,1,0,2→1
s2twp,𫶇,嵽,嵽,STCharacters,2,1,-1,1,1,0,2→1
s2twp,𫷷,廞,廞,STCharacters,2,1,-1,1,1,0,2→1
s2twp,普罗科菲耶夫,普羅高菲夫,普羅高菲夫,TWPhrases,6,5,-1,6,5,-1,6→5
s2twp,𬃊,櫍,櫍,STCharacters,2,1,-1,1,1,0,2→1
s2twp,毶,𣯶,𣯶,STCharacters,1,2,1,1,1,0,1→2
s2twp,𣸣,濆,濆,STCharacters,2,1,-1,1,1,0,2→1
s2twp,𬊤,燀,燀,STCharacters,2,1,-1,1,1,0,2→1
s2twp,腕管综合征,腕隧道症候群,腕隧道症候群,TWPhrases,5,6,1,5,6,1,5→6
s2twp,𫐐,輗,輗,STCharacters,2,1,-1,1,1,0,2→1
s2twp,𨱇,銶,銶,STCharacters,2,1,-1,1,1,0,2→1
s2twp,𫓶,鋗,鋗,STCharacters,2,1,-1,1,1,0,2→1
s2twp,𫟼,鐽,鐽,STCharacters,2,1,-1,1,1,0,2→1
s2twp,𬭎,鋐,鋐,STCharacters,2,1,-1,1,1,0,2→1
s2twp,𬮱,闉,闉,STCharacters,2,1,-1,1,1,0,2→1
s2twp,𬯎,隤,隤,STCharacters,2,1,-1,1,1,0,2→1
s2twp,𫖮,顗,顗,STCharacters,2,1,-1,1,1,0,2→1
s2twp,𫖯,頫,頫,STCharacters,2,1,-1,1,1,0,2→1
s2twp,𬱟,頠,頠,STCharacters,2,1,-1,1,1,0,2→1
s2twp,𫘨,騠,騠,STCharacters,2,1,-1,1,1,0,2→1
s2twp,𬴃,騞,騞,STCharacters,2,1,-1,1,1,0,2→1
s2twp,𫛭,鵟,鵟,STCharacters,2,1,-1,1,1,0,2→1
s2twp,𬷕,鵏,鵏,STCharacters,2,1,-1,1,1,0,2→1
s2twp,𬹼,齘,齘,STCharacters,2,1,-1,1,1,0,2→1
s2twp,𫫇,噁,噁,STCharacters,2,1,-1,1,1,0,2→1
s2twp,塞尔维亚克罗地亚语,塞爾維亞克羅地亞語,塞爾維亞克羅埃西亞語,STPhrases,9,10,1,9,10,1,9→10
s2twp,塞拉利昂,獅子山,獅子山,TWPhrases,4,3,-1,4,3,-1,4→3
s2twp,数据总线,數據總線,資料匯流排,STPhrases,4,5,1,4,5,1,4→5
s2twp,数据源,資料來源,資料來源,TWPhrases,3,4,1,3,4,1,3→4
s2twp,新罕布什尔,新罕布夏,新罕布夏,TWPhrases,5,4,-1,5,4,-1,5→4
s2twp,新罕布什尔州,新罕布夏州,新罕布夏州,TWPhrases,6,5,-1,6,5,-1,6→5
s2twp,暅,𣈶,𣈶,STCharacters,1,2,1,1,1,0,1→2
s2twp,源码,原始碼,原始碼,TWPhrases,2,3,1,2,3,1,2→3
s2twp,滚动条,捲軸,捲軸,TWPhrases,3,2,-1,3,2,-1,3→2
s2twp,简·坎皮恩,珍·康萍,珍·康萍,TWPhrases,5,4,-1,5,4,-1,5→4
s2twp,𬕂,篢,篢,STCharacters,2,1,-1,1,1,0,2→1
s2twp,𦝼,膢,膢,STCharacters,2,1,-1,1,1,0,2→1
s2twp,𫌀,襀,襀,STCharacters,2,1,-1,1,1,0,2→1
s2twp,𫐓,輮,輮,STCharacters,2,1,-1,1,1,0,2→1
s2twp,𬨎,輶,輶,STCharacters,2,1,-1,1,1,0,2→1
s2twp,𬪩,醲,醲,STCharacters,2,1,-1,1,1,0,2→1
s2twp,𫓹,錤,錤,STCharacters,2,1,-1,1,1,0,2→1
s2twp,𬭚,錞,錞,STCharacters,2,1,-1,1,1,0,2→1
s2twp,𫔶,闑,闑,STCharacters,2,1,-1,1,1,0,2→1
s2twp,雷诺综合征,雷諾氏症候群,雷諾氏症候群,TWPhrases,5,6,1,5,6,1,5→6
s2twp,𫖳,頵,頵,STCharacters,2,1,-1,1,1,0,2→1
s2twp,𫘪,騵,騵,STCharacters,2,1,-1,1,1,0,2→1
s2twp,𫘬,騱,騱,STCharacters,2,1,-1,1,1,0,2→1
s2twp,𬶋,鮈,鮈,STCharacters,2,1,-1,1,1,0,2→1
s2twp,𬶍,鮀,鮀,STCharacters,2,1,-1,1,1,0,2→1
s2twp,𣗋,欓,欓,STCharacters,2,1,-1,1,1,0,2→1
s2twp,端口,埠,埠,TWPhrases,2,1,-1,2,1,-1,2→1
s2twp,算子,運算元,運算元,TWPhrases,2,3,1,2,3,1,2→3
s2twp,算法,演算法,演算法,TWPhrases,2,3,1,2,3,1,2→3
s2twp,缩略图,縮圖,縮圖,TWPhrases,3,2,-1,3,2,-1,3→2
s2twp,𬙂,縯,縯,STCharacters,2,1,-1,1,1,0,2→1
s2twp,𬤝,譓,譓,STCharacters,2,1,-1,1,1,0,2→1
s2twp,𬭤,鍭,鍭,STCharacters,2,1,-1,1,1,0,2→1
s2twp,𩽾,鮟,鮟,STCharacters,2,1,-1,1,1,0,2→1
s2twp,𫚕,鰤,鰤,STCharacters,2,1,-1,1,1,0,2→1
s2twp,𫚖,鮆,鮆,STCharacters,2,1,-1,1,1,0,2→1
s2twp,𬶏,鮠,鮠,STCharacters,2,1,-1,1,1,0,2→1
s2twp,𬶐,鮡,鮡,STCharacters,2,1,-1,1,1,0,2→1
s2twp,𬸘,鶠,鶠,STCharacters,2,1,-1,1,1,0,2→1
s2twp,𬸚,鸑,鸑,STCharacters,2,1,-1,1,1,0,2→1
s2twp,摩托车的士,摩托車的士,摩托車計程車,STPhrases,5,6,1,5,6,1,5→6
s2twp,𫞩,璊,璊,STCharacters,2,1,-1,1,1,0,2→1
s2twp,𫍽,譞,譞,STCharacters,2,1,-1,1,1,0,2→1
s2twp,𨱏,鎝,鎝,STCharacters,2,1,-1,1,1,0,2→1
s2twp,𬭩,鎓,鎓,STCharacters,2,1,-1,1,1,0,2→1
s2twp,𬴊,驎,驎,STCharacters,2,1,-1,1,1,0,2→1
s2twp,𩾃,鮸,鮸,STCharacters,2,1,-1,1,1,0,2→1
s2twp,𬸣,鶱,鶱,STCharacters,2,1,-1,1,1,0,2→1
s2twp,𪩘,巘,巘,STCharacters,2,1,-1,1,1,0,2→1
s2twp,穆索尔斯基,穆索斯基,穆索斯基,TWPhrases,5,4,-1,5,4,-1,5→4
s2twp,𫄷,繶,繶,STCharacters,2,1,-1,1,1,0,2→1
s2twp,𦻕,蘟,蘟,STCharacters,2,1,-1,1,1,0,2→1
s2twp,𬞟,蘋,蘋,STCharacters,2,1,-1,1,1,0,2→1
s2twp,𬭬,鏏,鏏,STCharacters,2,1,-1,1,1,0,2→1
s2twp,𬭯,䥕,䥕,STCharacters,2,1,-1,1,1,0,2→1
s2twp,𫗴,饘,饘,STCharacters,2,1,-1,1,1,0,2→1
s2twp,𬸦,鷟,鷟,STCharacters,2,1,-1,1,1,0,2→1
s2twp,𫠜,齯,齯,STCharacters,2,1,-1,1,1,0,2→1
s2twp,𬺈,齮,齮,STCharacters,2,1,-1,1,1,0,2→1
s2twp,𤩽,瓛,瓛,STCharacters,2,1,-1,1,1,0,2→1
s2twp,𦈡,繻,繻,STCharacters,2,1,-1,1,1,0,2→1
s2twp,𫄸,纁,纁,STCharacters,2,1,-1,1,1,0,2→1
s2twp,𬙊,纆,纆,STCharacters,2,1,-1,1,1,0,2→1
s2twp,𫟦,䡵,䡵,STCharacters,2,1,-1,1,1,0,2→1
s2twp,𨱑,鐄,鐄,STCharacters,2,1,-1,1,1,0,2→1
s2twp,𨱔,鐏,鐏,STCharacters,2,1,-1,1,1,0,2→1
s2twp,𫔍,鐇,鐇,STCharacters,2,1,-1,1,1,0,2→1
s2twp,𫔎,鐍,鐍,STCharacters,2,1,-1,1,1,0,2→1
s2twp,𬭸,鏻,鏻,STCharacters,2,1,-1,1,1,0,2→1
s2twp,𬭼,鐩,鐩,STCharacters,2,1,-1,1,1,0,2→1
s2twp,𬶟,鯻,鯻,STCharacters,2,1,-1,1,1,0,2→1
s2twp,𬶠,鰊,鰊,STCharacters,2,1,-1,1,1,0,2→1
s2twp,𬶨,鱀,鱀,STCharacters,2,1,-1,1,1,0,2→1
s2twp,𬸪,鷭,鷭,STCharacters,2,1,-1,1,1,0,2→1
s2twp,𬟁,虉,虉,STCharacters,2,1,-1,1,1,0,2→1
s2twp,覆𫗧,覆餗,覆餗,STPhrases,3,2,-1,2,2,0,3→2
s2twp,覆𫗧之忧,覆餗之憂,覆餗之憂,STPhrases,5,4,-1,4,4,0,5→4
s2twp,覆𫗧之患,覆餗之患,覆餗之患,STPhrases,5,4,-1,4,4,0,5→4
s2twp,覆𫗧之衅,覆餗之釁,覆餗之釁,STPhrases,5,4,-1,4,4,0,5→4
s2twp,𩾌,鱇,鱇,STCharacters,2,1,-1,1,1,0,2→1
s2twp,𬶭,鰶,鰶,STCharacters,2,1,-1,1,1,0,2→1
s2twp,𬙋,纕,纕,STCharacters,2,1,-1,1,1,0,2→1
s2twp,𬶮,鱚,鱚,STCharacters,2,1,-1,1,1,0,2→1
s2twp,𬺓,齼,齼,STCharacters,2,1,-1,1,1,0,2→1
s2twp,𫚭,鱲,鱲,STCharacters,2,1,-1,1,1,0,2→1
s2twp,𠇹,俓,俓,STCharacters,2,1,-1,1,1,0,2→1
s2twp,𫝈,㑮,㑮,STCharacters,2,1,-1,1,1,0,2→1
s2twp,𠉂,㒓,㒓,STCharacters,2,1,-1,1,1,0,2→1
s2twp,𠋆,儭,儭,STCharacters,2,1,-1,1,1,0,2→1
s2twp,㓆,𠗣,𠗣,STCharacters,1,2,1,1,1,0,1→2
s2twp,𪞝,凙,凙,STCharacters,2,1,-1,1,1,0,2→1
s2twp,𠛅,剾,剾,STCharacters,2,1,-1,1,1,0,2→1
s2twp,𪟎,㔋,㔋,STCharacters,2,1,-1,1,1,0,2→1
s2twp,𠡠,勑,勑,STCharacters,2,1,-1,1,1,0,2→1
s2twp,𪠟,㓄,㓄,STCharacters,2,1,-1,1,1,0,2→1
s2twp,𠮶,嗰,嗰,STCharacters,2,1,-1,1,1,0,2→1
s2twp,𠯟,哯,哯,STCharacters,2,1,-1,1,1,0,2→1
s2twp,𠯠,噅,噅,STCharacters,2,1,-1,1,1,0,2→1
s2twp,𪠳,唓,唓,STCharacters,2,1,-1,1,1,0,2→1
s2twp,𪠵,㖮,㖮,STCharacters,2,1,-1,1,1,0,2→1
s2twp,𠰱,㘉,㘉,STCharacters,2,1,-1,1,1,0,2→1
s2twp,𠰷,嚧,嚧,STCharacters,2,1,-1,1,1,0,2→1
s2twp,𪠸,嚛,嚛,STCharacters,2,1,-1,1,1,0,2→1
s2twp,𠱞,囃,囃,STCharacters,2,1,-1,1,1,0,2→1
s2twp,𪠽,噹,噹,STCharacters,2,1,-1,1,1,0,2→1
s2twp,𪡀,嘺,嘺,STCharacters,2,1,-1,1,1,0,2→1
s2twp,𪡃,嘪,嘪,STCharacters,2,1,-1,1,1,0,2→1
s2twp,𪡋,噞,噞,STCharacters,2,1,-1,1,1,0,2→1
s2twp,𪡏,嗹,嗹,STCharacters,2,1,-1,1,1,0,2→1
s2twp,𪡛,㗿,㗿,STCharacters,2,1,-1,1,1,0,2→1
s2twp,𪡞,嘳,嘳,STCharacters,2,1,-1,1,1,0,2→1
s2twp,𪢌,㘓,㘓,STCharacters,2,1,-1,1,1,0,2→1
s2twp,𪢕,嚽,嚽,STCharacters,2,1,-1,1,1,0,2→1
s2twp,𫬐,㘔,㘔,STCharacters,2,1,-1,1,1,0,2→1
s2twp,𪢠,囒,囒,STCharacters,2,1,-1,1,1,0,2→1
s2twp,𪢮,圞,圞,STCharacters,2,1,-1,1,1,0,2→1
s2twp,𪢸,墲,墲,STCharacters,2,1,-1,1,1,0,2→1
s2twp,𪣆,埬,埬,STCharacters,2,1,-1,1,1,0,2→1
s2twp,𡋤,壗,壗,STCharacters,2,1,-1,1,1,0,2→1
s2twp,𪣒,堚,堚,STCharacters,2,1,-1,1,1,0,2→1
s2twp,𪤚,壣,壣,STCharacters,2,1,-1,1,1,0,2→1
s2twp,𡒄,壈,壈,STCharacters,2,1,-1,1,1,0,2→1
s2twp,㛠,𡢃,𡢃,STCharacters,1,2,1,1,1,0,1→2
s2twp,𪥫,孇,孇,STCharacters,2,1,-1,1,1,0,2→1
s2twp,𫝦,㛝,㛝,STCharacters,2,1,-1,1,1,0,2→1
s2twp,𪥰,嬣,嬣,STCharacters,2,1,-1,1,1,0,2→1
s2twp,𫝧,㜐,㜐,STCharacters,2,1,-1,1,1,0,2→1
s2twp,𫝨,媈,媈,STCharacters,2,1,-1,1,1,0,2→1
s2twp,㛟,𡞵,𡞵,STCharacters,1,2,1,1,1,0,1→2
s2twp,𫝩,嬦,嬦,STCharacters,2,1,-1,1,1,0,2→1
s2twp,𫝫,婡,婡,STCharacters,2,1,-1,1,1,0,2→1
s2twp,𡝠,㜷,㜷,STCharacters,2,1,-1,1,1,0,2→1
s2twp,𡞋,㜗,㜗,STCharacters,2,1,-1,1,1,0,2→1
s2twp,𪥿,嬻,嬻,STCharacters,2,1,-1,1,1,0,2→1
s2twp,㛿,𡠹,𡠹,STCharacters,1,2,1,1,1,0,1→2
s2twp,𫝬,嬇,嬇,STCharacters,2,1,-1,1,1,0,2→1
s2twp,𡠟,孎,孎,STCharacters,2,1,-1,1,1,0,2→1
s2twp,𫝭,孆,孆,STCharacters,2,1,-1,1,1,0,2→1
s2twp,𫝮,孄,孄,STCharacters,2,1,-1,1,1,0,2→1
s2twp,𡥧,孻,孻,STCharacters,2,1,-1,1,1,0,2→1
s2twp,𪧀,孾,孾,STCharacters,2,1,-1,1,1,0,2→1
s2twp,𪧘,寠,寠,STCharacters,2,1,-1,1,1,0,2→1
s2twp,𪨊,㞞,㞞,STCharacters,2,1,-1,1,1,0,2→1
s2twp,𪨗,屩,屩,STCharacters,2,1,-1,1,1,0,2→1
s2twp,𪨧,崙,崙,STCharacters,2,1,-1,1,1,0,2→1
s2twp,𡶴,嵼,嵼,STCharacters,2,1,-1,1,1,0,2→1
s2twp,𪨷,巗,巗,STCharacters,2,1,-1,1,1,0,2→1
s2twp,𫝵,嶹,嶹,STCharacters,2,1,-1,1,1,0,2→1
s2twp,㟜,𡾱,𡾱,STCharacters,1,2,1,1,1,0,1→2
s2twp,𡺃,嶈,嶈,STCharacters,2,1,-1,1,1,0,2→1
s2twp,𡺄,嶘,嶘,STCharacters,2,1,-1,1,1,0,2→1
s2twp,𪩇,㟺,㟺,STCharacters,2,1,-1,1,1,0,2→1
s2twp,𪩎,巊,巊,STCharacters,2,1,-1,1,1,0,2→1
s2twp,𪩷,幝,幝,STCharacters,2,1,-1,1,1,0,2→1
s2twp,𪩸,幩,幩,STCharacters,2,1,-1,1,1,0,2→1
s2twp,𠆲,儣,儣,STCharacters,2,1,-1,1,1,0,2→1
s2twp,𪪏,廬,廬,STCharacters,2,1,-1,1,1,0,2→1
s2twp,𪪑,㢗,㢗,STCharacters,2,1,-1,1,1,0,2→1
s2twp,𪪞,廧,廧,STCharacters,2,1,-1,1,1,0,2→1
s2twp,𢋈,㢝,㢝,STCharacters,2,1,-1,1,1,0,2→1
s2twp,𪪼,彃,彃,STCharacters,2,1,-1,1,1,0,2→1
s2twp,𪫌,徿,徿,STCharacters,2,1,-1,1,1,0,2→1
s2twp,𢗓,㦛,㦛,STCharacters,2,1,-1,1,1,0,2→1
s2twp,𢙏,愻,愻,STCharacters,2,1,-1,1,1,0,2→1
s2twp,𢙐,憹,憹,STCharacters,2,1,-1,1,1,0,2→1
s2twp,𢙒,憢,憢,STCharacters,2,1,-1,1,1,0,2→1
s2twp,𢙓,懀,懀,STCharacters,2,1,-1,1,1,0,2→1
s2twp,𪫷,㦞,㦞,STCharacters,2,1,-1,1,1,0,2→1
s2twp,𪫺,憸,憸,STCharacters,2,1,-1,1,1,0,2→1
s2twp,𢛯,㦎,㦎,STCharacters,2,1,-1,1,1,0,2→1
s2twp,𢠁,懎,懎,STCharacters,2,1,-1,1,1,0,2→1
s2twp,𢧐,戰,戰,STCharacters,2,1,-1,1,1,0,2→1
s2twp,𪭢,摐,摐,STCharacters,2,1,-1,1,1,0,2→1
s2twp,𪭧,擟,擟,STCharacters,2,1,-1,1,1,0,2→1
s2twp,𢫬,摋,摋,STCharacters,2,1,-1,1,1,0,2→1
s2twp,𢬍,擫,擫,STCharacters,2,1,-1,1,1,0,2→1
s2twp,𢭏,擣,擣,STCharacters,2,1,-1,1,1,0,2→1
s2twp,𪭵,掚,掚,STCharacters,2,1,-1,1,1,0,2→1
s2twp,𪭾,撊,撊,STCharacters,2,1,-1,1,1,0,2→1
s2twp,𪮃,㨻,㨻,STCharacters,2,1,-1,1,1,0,2→1
s2twp,𪮋,㩋,㩋,STCharacters,2,1,-1,1,1,0,2→1
s2twp,𪮖,撧,撧,STCharacters,2,1,-1,1,1,0,2→1
s2twp,𪮶,攋,攋,STCharacters,2,1,-1,1,1,0,2→1
s2twp,𪯋,㪎,㪎,STCharacters,2,1,-1,1,1,0,2→1
s2twp,𢽾,斅,斅,STCharacters,2,1,-1,1,1,0,2→1
s2twp,𣃁,斸,斸,STCharacters,2,1,-1,1,1,0,2→1
s2twp,𣆐,曥,曥,STCharacters,2,1,-1,1,1,0,2→1
s2twp,𪰶,曊,曊,STCharacters,2,1,-1,1,1,0,2→1
s2twp,𪱥,膹,膹,STCharacters,2,1,-1,1,1,0,2→1
s2twp,𣎑,臗,臗,STCharacters,2,1,-1,1,1,0,2→1
s2twp,𣏢,槫,槫,STCharacters,2,1,-1,1,1,0,2→1
s2twp,𪱷,梖,梖,STCharacters,2,1,-1,1,1,0,2→1
s2twp,𣐕,桱,桱,STCharacters,2,1,-1,1,1,0,2→1
s2twp,𣐤,欍,欍,STCharacters,2,1,-1,1,1,0,2→1
s2twp,𪲎,櫅,櫅,STCharacters,2,1,-1,1,1,0,2→1
s2twp,𣒌,楇,楇,STCharacters,2,1,-1,1,1,0,2→1
s2twp,𪲔,欐,欐,STCharacters,2,1,-1,1,1,0,2→1
s2twp,𪲛,檵,檵,STCharacters,2,1,-1,1,1,0,2→1
s2twp,𣓿,橯,橯,STCharacters,2,1,-1,1,1,0,2→1
s2twp,𣔌,樤,樤,STCharacters,2,1,-1,1,1,0,2→1
s2twp,𪲮,櫠,櫠,STCharacters,2,1,-1,1,1,0,2→1
s2twp,𣗊,樠,樠,STCharacters,2,1,-1,1,1,0,2→1
s2twp,𣗊溪,樠谿,樠谿,STPhrases,3,2,-1,2,2,0,3→2
s2twp,𣗙,㰙,㰙,STCharacters,2,1,-1,1,1,0,2→1
s2twp,𣘐,㯤,㯤,STCharacters,2,1,-1,1,1,0,2→1
s2twp,𪳍,欇,欇,STCharacters,2,1,-1,1,1,0,2→1
s2twp,𣘴,檭,檭,STCharacters,2,1,-1,1,1,0,2→1
s2twp,𣚚,欘,欘,STCharacters,2,1,-1,1,1,0,2→1
s2twp,𪴙,欑,欑,STCharacters,2,1,-1,1,1,0,2→1
s2twp,𣨼,殢,殢,STCharacters,2,1,-1,1,1,0,2→1
s2twp,𪵑,毊,毊,STCharacters,2,1,-1,1,1,0,2→1
s2twp,𪵣,霼,霼,STCharacters,2,1,-1,1,1,0,2→1
s2twp,𣱝,氭,氭,STCharacters,2,1,-1,1,1,0,2→1
s2twp,𣳆,㵗,㵗,STCharacters,2,1,-1,1,1,0,2→1
s2twp,𪵱,濿,濿,STCharacters,2,1,-1,1,1,0,2→1
s2twp,㳢,𣾷,𣾷,STCharacters,1,2,1,1,1,0,1→2
s2twp,𪶄,溡,溡,STCharacters,2,1,-1,1,1,0,2→1
s2twp,𫞗,潣,潣,STCharacters,2,1,-1,1,1,0,2→1
s2twp,𣶩,澅,澅,STCharacters,2,1,-1,1,1,0,2→1
s2twp,𣺼,灙,灙,STCharacters,2,1,-1,1,1,0,2→1
s2twp,𫞚,澬,澬,STCharacters,2,1,-1,1,1,0,2→1
s2twp,𫞛,㶆,㶆,STCharacters,2,1,-1,1,1,0,2→1
s2twp,𣽷,瀃,瀃,STCharacters,2,1,-1,1,1,0,2→1
s2twp,𪷍,㵾,㵾,STCharacters,2,1,-1,1,1,0,2→1
s2twp,𫞝,灍,灍,STCharacters,2,1,-1,1,1,0,2→1
s2twp,𪷽,灒,灒,STCharacters,2,1,-1,1,1,0,2→1
s2twp,𤆡,熓,熓,STCharacters,2,1,-1,1,1,0,2→1
s2twp,𤆢,㷍,㷍,STCharacters,2,1,-1,1,1,0,2→1
s2twp,𪸕,熂,熂,STCharacters,2,1,-1,1,1,0,2→1
s2twp,𤇃,爄,爄,STCharacters,2,1,-1,1,1,0,2→1
s2twp,𤇄,熌,熌,STCharacters,2,1,-1,1,1,0,2→1
s2twp,𤇭,爖,爖,STCharacters,2,1,-1,1,1,0,2→1
s2twp,𤇹,熚,熚,STCharacters,2,1,-1,1,1,0,2→1
s2twp,𪸩,煇,煇,STCharacters,2,1,-1,1,1,0,2→1
s2twp,𤈶,熉,熉,STCharacters,2,1,-1,1,1,0,2→1
s2twp,𤈷,㷿,㷿,STCharacters,2,1,-1,1,1,0,2→1
s2twp,𫞠,爧,爧,STCharacters,2,1,-1,1,1,0,2→1
s2twp,𤋏,熡,熡,STCharacters,2,1,-1,1,1,0,2→1
s2twp,𫞡,爃,爃,STCharacters,2,1,-1,1,1,0,2→1
s2twp,𪹳,爥,爥,STCharacters,2,1,-1,1,1,0,2→1
s2twp,𪺭,犞,犞,STCharacters,2,1,-1,1,1,0,2→1
s2twp,𪺷,獊,獊,STCharacters,2,1,-1,1,1,0,2→1
s2twp,𫞣,㹽,㹽,STCharacters,2,1,-1,1,1,0,2→1
s2twp,𤞃,獩,獩,STCharacters,2,1,-1,1,1,0,2→1
s2twp,𪺻,㺜,㺜,STCharacters,2,1,-1,1,1,0,2→1
s2twp,𤞤,玁,玁,STCharacters,2,1,-1,1,1,0,2→1
s2twp,𪺽,猌,猌,STCharacters,2,1,-1,1,1,0,2→1
s2twp,𤠋,㺏,㺏,STCharacters,2,1,-1,1,1,0,2→1
s2twp,𪻐,瑽,瑽,STCharacters,2,1,-1,1,1,0,2→1
s2twp,𫞥,珼,珼,STCharacters,2,1,-1,1,1,0,2→1
s2twp,𫞦,璾,璾,STCharacters,2,1,-1,1,1,0,2→1
s2twp,㻏,𤫩,𤫩,STCharacters,1,2,1,1,1,0,1→2
s2twp,㻘,𤪺,𤪺,STCharacters,1,2,1,1,1,0,1→2
s2twp,𤦀,瓕,瓕,STCharacters,2,1,-1,1,1,0,2→1
s2twp,𪻨,瓄,瓄,STCharacters,2,1,-1,1,1,0,2→1
s2twp,𪻲,瑻,瑻,STCharacters,2,1,-1,1,1,0,2→1
s2twp,𪻺,璝,璝,STCharacters,2,1,-1,1,1,0,2→1
s2twp,𪼋,㻶,㻶,STCharacters,2,1,-1,1,1,0,2→1
s2twp,𫞨,璼,璼,STCharacters,2,1,-1,1,1,0,2→1
s2twp,𪽈,畼,畼,STCharacters,2,1,-1,1,1,0,2→1
s2twp,𪽪,痮,痮,STCharacters,2,1,-1,1,1,0,2→1
s2twp,𪽮,㿖,㿖,STCharacters,2,1,-1,1,1,0,2→1
s2twp,𤶊,癐,癐,STCharacters,2,1,-1,1,1,0,2→1
s2twp,𪽷,瘱,瘱,STCharacters,2,1,-1,1,1,0,2→1
s2twp,𤻊,㿗,㿗,STCharacters,2,1,-1,1,1,0,2→1
s2twp,𤽯,㿧,㿧,STCharacters,2,1,-1,1,1,0,2→1
s2twp,𤾀,皟,皟,STCharacters,2,1,-1,1,1,0,2→1
s2twp,𤿲,麬,麬,STCharacters,2,1,-1,1,1,0,2→1
s2twp,𥁢,䀉,䀉,STCharacters,2,1,-1,1,1,0,2→1
s2twp,𪾔,盨,盨,STCharacters,2,1,-1,1,1,0,2→1
s2twp,𪾣,眝,眝,STCharacters,2,1,-1,1,1,0,2→1
s2twp,𪾦,矑,矑,STCharacters,2,1,-1,1,1,0,2→1
s2twp,𥅴,䀹,䀹,STCharacters,2,1,-1,1,1,0,2→1
s2twp,𥆧,瞤,瞤,STCharacters,2,1,-1,1,1,0,2→1
s2twp,𥇢,䁪,䁪,STCharacters,2,1,-1,1,1,0,2→1
s2twp,𪾸,矉,矉,STCharacters,2,1,-1,1,1,0,2→1
s2twp,𥎝,䂎,䂎,STCharacters,2,1,-1,1,1,0,2→1
s2twp,𥐟,礒,礒,STCharacters,2,1,-1,1,1,0,2→1
s2twp,𥐻,碙,碙,STCharacters,2,1,-1,1,1,0,2→1
s2twp,𪿫,礮,礮,STCharacters,2,1,-1,1,1,0,2→1
s2twp,𫀨,䅐,䅐,STCharacters,2,1,-1,1,1,0,2→1
s2twp,𫀬,䅳,䅳,STCharacters,2,1,-1,1,1,0,2→1
s2twp,䅪,𥢢,𥢢,STCharacters,1,2,1,1,1,0,1→2
s2twp,𫁂,䆉,䆉,STCharacters,2,1,-1,1,1,0,2→1
s2twp,𥩟,竚,竚,STCharacters,2,1,-1,1,1,0,2→1
s2twp,𫁟,竱,竱,STCharacters,2,1,-1,1,1,0,2→1
s2twp,𫁡,鴗,鴗,STCharacters,2,1,-1,1,1,0,2→1
s2twp,𥫣,籅,籅,STCharacters,2,1,-1,1,1,0,2→1
s2twp,𥬀,䉙,䉙,STCharacters,2,1,-1,1,1,0,2→1
s2twp,𫁲,䉑,䉑,STCharacters,2,1,-1,1,1,0,2→1
s2twp,𫁷,䉶,䉶,STCharacters,2,1,-1,1,1,0,2→1
s2twp,𥬞,籋,籋,STCharacters,2,1,-1,1,1,0,2→1
s2twp,𥬠,篘,篘,STCharacters,2,1,-1,1,1,0,2→1
s2twp,𫂃,簢,簢,STCharacters,2,1,-1,1,1,0,2→1
s2twp,𥮜,䉲,䉲,STCharacters,2,1,-1,1,1,0,2→1
s2twp,𥮾,篸,篸,STCharacters,2,1,-1,1,1,0,2→1
s2twp,𫂆,簂,簂,STCharacters,2,1,-1,1,1,0,2→1
s2twp,𫂈,䉬,䉬,STCharacters,2,1,-1,1,1,0,2→1
s2twp,𥺅,䊭,䊭,STCharacters,2,1,-1,1,1,0,2→1
s2twp,𫄙,糺,糺,STCharacters,2,1,-1,1,1,0,2→1
s2twp,𫄚,䊺,䊺,STCharacters,2,1,-1,1,1,0,2→1
s2twp,𫄛,紟,紟,STCharacters,2,1,-1,1,1,0,2→1
s2twp,𫄜,䋃,䋃,STCharacters,2,1,-1,1,1,0,2→1
s2twp,𫄞,䋔,䋔,STCharacters,2,1,-1,1,1,0,2→1
s2twp,𫄟,絁,絁,STCharacters,2,1,-1,1,1,0,2→1
s2twp,𦈉,緷,緷,STCharacters,2,1,-1,1,1,0,2→1
s2twp,𫄠,絙,絙,STCharacters,2,1,-1,1,1,0,2→1
s2twp,𫄡,絧,絧,STCharacters,2,1,-1,1,1,0,2→1
s2twp,𫄢,絥,絥,STCharacters,2,1,-1,1,1,0,2→1
s2twp,𫄣,繷,繷,STCharacters,2,1,-1,1,1,0,2→1
s2twp,𫟃,絍,絍,STCharacters,2,1,-1,1,1,0,2→1
s2twp,𦈋,綇,綇,STCharacters,2,1,-1,1,1,0,2→1
s2twp,𦈌,綀,綀,STCharacters,2,1,-1,1,1,0,2→1
s2twp,𫄤,繨,繨,STCharacters,2,1,-1,1,1,0,2→1
s2twp,𫄥,纚,纚,STCharacters,2,1,-1,1,1,0,2→1
s2twp,𫄩,䋦,䋦,STCharacters,2,1,-1,1,1,0,2→1
s2twp,𫟄,綋,綋,STCharacters,2,1,-1,1,1,0,2→1
s2twp,𦈎,繟,繟,STCharacters,2,1,-1,1,1,0,2→1
s2twp,𦈏,緍,緍,STCharacters,2,1,-1,1,1,0,2→1
s2twp,𦈐,縺,縺,STCharacters,2,1,-1,1,1,0,2→1
s2twp,𫄫,綟,綟,STCharacters,2,1,-1,1,1,0,2→1
s2twp,𦈑,緸,緸,STCharacters,2,1,-1,1,1,0,2→1
s2twp,𦈓,䋿,䋿,STCharacters,2,1,-1,1,1,0,2→1
s2twp,𦈔,縎,縎,STCharacters,2,1,-1,1,1,0,2→1
s2twp,𦈕,緰,緰,STCharacters,2,1,-1,1,1,0,2→1
s2twp,𫄬,緤,緤,STCharacters,2,1,-1,1,1,0,2→1
s2twp,𫄭,緮,緮,STCharacters,2,1,-1,1,1,0,2→1
s2twp,𫄮,䋼,䋼,STCharacters,2,1,-1,1,1,0,2→1
s2twp,𫟆,緟,緟,STCharacters,2,1,-1,1,1,0,2→1
s2twp,𦈖,䌈,䌈,STCharacters,2,1,-1,1,1,0,2→1
s2twp,𦈘,䌋,䌋,STCharacters,2,1,-1,1,1,0,2→1
s2twp,𦈙,䌰,䌰,STCharacters,2,1,-1,1,1,0,2→1
s2twp,𫄰,縍,縍,STCharacters,2,1,-1,1,1,0,2→1
s2twp,𦈚,縬,縬,STCharacters,2,1,-1,1,1,0,2→1
s2twp,𫄱,繬,繬,STCharacters,2,1,-1,1,1,0,2→1
s2twp,𫄲,縸,縸,STCharacters,2,1,-1,1,1,0,2→1
s2twp,𫄳,縰,縰,STCharacters,2,1,-1,1,1,0,2→1
s2twp,𫄴,繂,繂,STCharacters,2,1,-1,1,1,0,2→1
s2twp,𦈛,繓,繓,STCharacters,2,1,-1,1,1,0,2→1
s2twp,𦈜,䌖,䌖,STCharacters,2,1,-1,1,1,0,2→1
s2twp,𦈝,繏,繏,STCharacters,2,1,-1,1,1,0,2→1
s2twp,𫄶,繈,繈,STCharacters,2,1,-1,1,1,0,2→1
s2twp,𰬸,繐,繐,STCharacters,2,1,-1,1,1,0,2→1
s2twp,𦈞,䌟,䌟,STCharacters,2,1,-1,1,1,0,2→1
s2twp,𦈟,䌝,䌝,STCharacters,2,1,-1,1,1,0,2→1
s2twp,𦈠,䌥,䌥,STCharacters,2,1,-1,1,1,0,2→1
s2twp,𫄹,纗,纗,STCharacters,2,1,-1,1,1,0,2→1
s2twp,𫅅,䍤,䍤,STCharacters,2,1,-1,1,1,0,2→1
s2twp,𦍠,䍽,䍽,STCharacters,2,1,-1,1,1,0,2→1
s2twp,𫅗,羵,羵,STCharacters,2,1,-1,1,1,0,2→1
s2twp,𫅭,䎙,䎙,STCharacters,2,1,-1,1,1,0,2→1
s2twp,𫆏,聻,聻,STCharacters,2,1,-1,1,1,0,2→1
s2twp,𣍯,腪,腪,STCharacters,2,1,-1,1,1,0,2→1
s2twp,𣍰,脥,脥,STCharacters,2,1,-1,1,1,0,2→1
s2twp,𫇛,艣,艣,STCharacters,2,1,-1,1,1,0,2→1
s2twp,䑽,𦪙,𦪙,STCharacters,1,2,1,1,1,0,1→2
s2twp,𰰨,菕,菕,STCharacters,2,1,-1,1,1,0,2→1
s2twp,𫇴,蒭,蒭,STCharacters,2,1,-1,1,1,0,2→1
s2twp,𫇽,蕽,蕽,STCharacters,2,1,-1,1,1,0,2→1
s2twp,𦰏,蓧,蓧,STCharacters,2,1,-1,1,1,0,2→1
s2twp,𫈉,蕳,蕳,STCharacters,2,1,-1,1,1,0,2→1
s2twp,𫈎,葝,葝,STCharacters,2,1,-1,1,1,0,2→1
s2twp,𫟑,䖅,䖅,STCharacters,2,1,-1,1,1,0,2→1
s2twp,𦰴,䕳,䕳,STCharacters,2,1,-1,1,1,0,2→1
s2twp,𫈟,蔯,蔯,STCharacters,2,1,-1,1,1,0,2→1
s2twp,𫈵,蕝,蕝,STCharacters,2,1,-1,1,1,0,2→1
s2twp,𦶟,爇,爇,STCharacters,2,1,-1,1,1,0,2→1
s2twp,𫉁,薆,薆,STCharacters,2,1,-1,1,1,0,2→1
s2twp,𫉄,藷,藷,STCharacters,2,1,-1,1,1,0,2→1
s2twp,𫟕,䕤,䕤,STCharacters,2,1,-1,1,1,0,2→1
s2twp,𫊪,䗅,䗅,STCharacters,2,1,-1,1,1,0,2→1
s2twp,𧉞,䗿,䗿,STCharacters,2,1,-1,1,1,0,2→1
s2twp,𫊮,蠦,蠦,STCharacters,2,1,-1,1,1,0,2→1
s2twp,𫊸,蟜,蟜,STCharacters,2,1,-1,1,1,0,2→1
s2twp,𫊻,蟳,蟳,STCharacters,2,1,-1,1,1,0,2→1
s2twp,𫋇,蟂,蟂,STCharacters,2,1,-1,1,1,0,2→1
s2twp,𫋌,蟘,蟘,STCharacters,2,1,-1,1,1,0,2→1
s2twp,𧏖,蠙,蠙,STCharacters,2,1,-1,1,1,0,2→1
s2twp,𧏗,蠀,蠀,STCharacters,2,1,-1,1,1,0,2→1
s2twp,𧑏,蠾,蠾,STCharacters,2,1,-1,1,1,0,2→1
s2twp,䘛,𧝞,𧝞,STCharacters,1,2,1,1,1,0,1→2
s2twp,䘞,𧜗,𧜗,STCharacters,1,2,1,1,1,0,1→2
s2twp,𫋲,䙔,䙔,STCharacters,2,1,-1,1,1,0,2→1
s2twp,𫋷,襗,襗,STCharacters,2,1,-1,1,1,0,2→1
s2twp,𫋹,襓,襓,STCharacters,2,1,-1,1,1,0,2→1
s2twp,𫋻,襘,襘,STCharacters,2,1,-1,1,1,0,2→1
s2twp,䙊,𧜵,𧜵,STCharacters,1,2,1,1,1,0,1→2
s2twp,𫌇,襵,襵,STCharacters,2,1,-1,1,1,0,2→1
s2twp,𧜭,䙱,䙱,STCharacters,2,1,-1,1,1,0,2→1
s2twp,𧝝,襰,襰,STCharacters,2,1,-1,1,1,0,2→1
s2twp,𫌨,覼,覼,STCharacters,2,1,-1,1,1,0,2→1
s2twp,𫌪,覛,覛,STCharacters,2,1,-1,1,1,0,2→1
s2twp,𫌭,覹,覹,STCharacters,2,1,-1,1,1,0,2→1
s2twp,𫌯,䚩,䚩,STCharacters,2,1,-1,1,1,0,2→1
s2twp,𫍙,訑,訑,STCharacters,2,1,-1,1,1,0,2→1
s2twp,𫍚,訞,訞,STCharacters,2,1,-1,1,1,0,2→1
s2twp,𫍛,訜,訜,STCharacters,2,1,-1,1,1,0,2→1
s2twp,𫟞,訨,訨,STCharacters,2,1,-1,1,1,0,2→1
s2twp,𧮪,詀,詀,STCharacters,2,1,-1,1,1,0,2→1
s2twp,𫍜,詓,詓,STCharacters,2,1,-1,1,1,0,2→1
s2twp,𫍝,諫,諫,STCharacters,2,1,-1,1,1,0,2→1
s2twp,𫍠,䛄,䛄,STCharacters,2,1,-1,1,1,0,2→1
s2twp,𫍡,詑,詑,STCharacters,2,1,-1,1,1,0,2→1
s2twp,𫟟,詊,詊,STCharacters,2,1,-1,1,1,0,2→1
s2twp,𫍢,譊,譊,STCharacters,2,1,-1,1,1,0,2→1
s2twp,𫍤,譑,譑,STCharacters,2,1,-1,1,1,0,2→1
s2twp,𫍥,誂,誂,STCharacters,2,1,-1,1,1,0,2→1
s2twp,𫍦,譨,譨,STCharacters,2,1,-1,1,1,0,2→1
s2twp,𫍧,誺,誺,STCharacters,2,1,-1,1,1,0,2→1
s2twp,𫍨,誫,誫,STCharacters,2,1,-1,1,1,0,2→1
s2twp,𫍩,諣,諣,STCharacters,2,1,-1,1,1,0,2→1
s2twp,𫍪,誋,誋,STCharacters,2,1,-1,1,1,0,2→1
s2twp,䜥,𧩙,𧩙,STCharacters,1,2,1,1,1,0,1→2
s2twp,𫍫,䛳,䛳,STCharacters,2,1,-1,1,1,0,2→1
s2twp,𫍬,誷,誷,STCharacters,2,1,-1,1,1,0,2→1
s2twp,𫍮,誳,誳,STCharacters,2,1,-1,1,1,0,2→1
s2twp,𫟠,譂,譂,STCharacters,2,1,-1,1,1,0,2→1
s2twp,𫟡,誴,誴,STCharacters,2,1,-1,1,1,0,2→1
s2twp,𫍰,諰,諰,STCharacters,2,1,-1,1,1,0,2→1
s2twp,𫍱,諯,諯,STCharacters,2,1,-1,1,1,0,2→1
s2twp,𫍳,諥,諥,STCharacters,2,1,-1,1,1,0,2→1
s2twp,𫍴,謱,謱,STCharacters,2,1,-1,1,1,0,2→1
s2twp,𫍵,謸,謸,STCharacters,2,1,-1,1,1,0,2→1
s2twp,𫍷,謉,謉,STCharacters,2,1,-1,1,1,0,2→1
s2twp,𫍸,謆,謆,STCharacters,2,1,-1,1,1,0,2→1
s2twp,𫟢,䜖,䜖,STCharacters,2,1,-1,1,1,0,2→1
s2twp,𫍹,謯,謯,STCharacters,2,1,-1,1,1,0,2→1
s2twp,𫍻,譆,譆,STCharacters,2,1,-1,1,1,0,2→1
s2twp,𰶎,譅,譅,STCharacters,2,1,-1,1,1,0,2→1
s2twp,𫍿,譾,譾,STCharacters,2,1,-1,1,1,0,2→1
s2twp,𫎆,豵,豵,STCharacters,2,1,-1,1,1,0,2→1
s2twp,𫎌,貗,貗,STCharacters,2,1,-1,1,1,0,2→1
s2twp,𧹑,䞈,䞈,STCharacters,2,1,-1,1,1,0,2→1
s2twp,𧹒,買,買,STCharacters,2,1,-1,1,1,0,2→1
s2twp,𫎦,贚,贚,STCharacters,2,1,-1,1,1,0,2→1
s2twp,𫎧,䝭,䝭,STCharacters,2,1,-1,1,1,0,2→1
s2twp,䞌,𧵳,𧵳,STCharacters,1,2,1,1,1,0,1→2
s2twp,䞎,𧶧,𧶧,STCharacters,1,2,1,1,1,0,1→2
s2twp,𧹔,賬,賬,STCharacters,2,1,-1,1,1,0,2→1
s2twp,𧹕,䝻,䝻,STCharacters,2,1,-1,1,1,0,2→1
s2twp,𧹖,賟,賟,STCharacters,2,1,-1,1,1,0,2→1
s2twp,𫎩,賝,賝,STCharacters,2,1,-1,1,1,0,2→1
s2twp,𫎪,䞋,䞋,STCharacters,2,1,-1,1,1,0,2→1
s2twp,𧹗,贃,贃,STCharacters,2,1,-1,1,1,0,2→1
s2twp,𫎫,贉,贉,STCharacters,2,1,-1,1,1,0,2→1
s2twp,𫎬,贑,贑,STCharacters,2,1,-1,1,1,0,2→1
s2twp,𫎭,䞓,䞓,STCharacters,2,1,-1,1,1,0,2→1
s2twp,𫎱,䟐,䟐,STCharacters,2,1,-1,1,1,0,2→1
s2twp,𫎳,䟆,䟆,STCharacters,2,1,-1,1,1,0,2→1
s2twp,𫎺,䟃,䟃,STCharacters,2,1,-1,1,1,0,2→1
s2twp,𫏃,䠆,䠆,STCharacters,2,1,-1,1,1,0,2→1
s2twp,𨀁,躘,躘,STCharacters,2,1,-1,1,1,0,2→1
s2twp,𫏆,蹳,蹳,STCharacters,2,1,-1,1,1,0,2→1
s2twp,𫏋,蹻,蹻,STCharacters,2,1,-1,1,1,0,2→1
s2twp,𫏐,蹔,蹔,STCharacters,2,1,-1,1,1,0,2→1
s2twp,𨅛,䠱,䠱,STCharacters,2,1,-1,1,1,0,2→1
s2twp,𨅬,躝,躝,STCharacters,2,1,-1,1,1,0,2→1
s2twp,𨉗,軉,軉,STCharacters,2,1,-1,1,1,0,2→1
s2twp,䢀,𨊰,𨊰,STCharacters,1,2,1,1,1,0,1→2
s2twp,𫐅,軕,軕,STCharacters,2,1,-1,1,1,0,2→1
s2twp,䢁,𨊸,𨊸,STCharacters,1,2,1,1,1,0,1→2
s2twp,𨐅,軗,軗,STCharacters,2,1,-1,1,1,0,2→1
s2twp,𫐆,轣,轣,STCharacters,2,1,-1,1,1,0,2→1
s2twp,𫐇,軜,軜,STCharacters,2,1,-1,1,1,0,2→1
s2twp,䢂,𨋢,𨋢,STCharacters,1,2,1,1,1,0,1→2
s2twp,𫐈,軷,軷,STCharacters,2,1,-1,1,1,0,2→1
s2twp,𫐉,軨,軨,STCharacters,2,1,-1,1,1,0,2→1
s2twp,𫐊,軬,軬,STCharacters,2,1,-1,1,1,0,2→1
s2twp,𫟤,䡐,䡐,STCharacters,2,1,-1,1,1,0,2→1
s2twp,𫐌,軿,軿,STCharacters,2,1,-1,1,1,0,2→1
s2twp,𫐎,輢,輢,STCharacters,2,1,-1,1,1,0,2→1
s2twp,𫐏,輖,輖,STCharacters,2,1,-1,1,1,0,2→1
s2twp,𫐑,輨,輨,STCharacters,2,1,-1,1,1,0,2→1
s2twp,𫐒,輷,輷,STCharacters,2,1,-1,1,1,0,2→1
s2twp,𫟥,䡩,䡩,STCharacters,2,1,-1,1,1,0,2→1
s2twp,𫐕,轊,轊,STCharacters,2,1,-1,1,1,0,2→1
s2twp,𫐖,轇,轇,STCharacters,2,1,-1,1,1,0,2→1
s2twp,𫐗,轐,轐,STCharacters,2,1,-1,1,1,0,2→1
s2twp,𫐘,轗,轗,STCharacters,2,1,-1,1,1,0,2→1
s2twp,𫐙,轠,轠,STCharacters,2,1,-1,1,1,0,2→1
s2twp,𨑹,䢨,䢨,STCharacters,2,1,-1,1,1,0,2→1
s2twp,𫐷,遱,遱,STCharacters,2,1,-1,1,1,0,2→1
s2twp,𫑘,鄟,鄟,STCharacters,2,1,-1,1,1,0,2→1
s2twp,𫑷,醶,醶,STCharacters,2,1,-1,1,1,0,2→1
s2twp,𫓥,釟,釟,STCharacters,2,1,-1,1,1,0,2→1
s2twp,𫟲,釚,釚,STCharacters,2,1,-1,1,1,0,2→1
s2twp,𨰾,鎷,鎷,STCharacters,2,1,-1,1,1,0,2→1
s2twp,𨰿,釳,釳,STCharacters,2,1,-1,1,1,0,2→1
s2twp,𫓦,釨,釨,STCharacters,2,1,-1,1,1,0,2→1
s2twp,𫟳,釲,釲,STCharacters,2,1,-1,1,1,0,2→1
s2twp,𨱁,鈠,鈠,STCharacters,2,1,-1,1,1,0,2→1
s2twp,𨱂,鈋,鈋,STCharacters,2,1,-1,1,1,0,2→1
s2twp,𫓨,鈛,鈛,STCharacters,2,1,-1,1,1,0,2→1
s2twp,𫓩,鏦,鏦,STCharacters,2,1,-1,1,1,0,2→1
s2twp,𫓪,鈆,鈆,STCharacters,2,1,-1,1,1,0,2→1
s2twp,𫟴,鈖,鈖,STCharacters,2,1,-1,1,1,0,2→1
s2twp,𫟵,鈗,鈗,STCharacters,2,1,-1,1,1,0,2→1
s2twp,䥿,𨯅,𨯅,STCharacters,1,2,1,1,1,0,1→2
s2twp,𨱃,鈲,鈲,STCharacters,2,1,-1,1,1,0,2→1
s2twp,𨱄,鈯,鈯,STCharacters,2,1,-1,1,1,0,2→1
s2twp,𨱅,鉁,鉁,STCharacters,2,1,-1,1,1,0,2→1
s2twp,𨱆,龯,龯,STCharacters,2,1,-1,1,1,0,2→1
s2twp,𫓬,鉔,鉔,STCharacters,2,1,-1,1,1,0,2→1
s2twp,𫓭,鉠,鉠,STCharacters,2,1,-1,1,1,0,2→1
s2twp,𫟶,銏,銏,STCharacters,2,1,-1,1,1,0,2→1
s2twp,𫟷,鉝,鉝,STCharacters,2,1,-1,1,1,0,2→1
s2twp,䦀,𨦫,𨦫,STCharacters,1,2,1,1,1,0,1→2
s2twp,𫓰,銊,銊,STCharacters,2,1,-1,1,1,0,2→1
s2twp,𫓱,鐈,鐈,STCharacters,2,1,-1,1,1,0,2→1
s2twp,𫓲,銁,銁,STCharacters,2,1,-1,1,1,0,2→1
s2twp,𫓴,鉾,鉾,STCharacters,2,1,-1,1,1,0,2→1
s2twp,𫟸,鉽,鉽,STCharacters,2,1,-1,1,1,0,2→1
s2twp,𫟺,䤤,䤤,STCharacters,2,1,-1,1,1,0,2→1
s2twp,𫟻,銂,銂,STCharacters,2,1,-1,1,1,0,2→1
s2twp,䦁,𨧜,𨧜,STCharacters,1,2,1,1,1,0,1→2
s2twp,𨱈,鋉,鋉,STCharacters,2,1,-1,1,1,0,2→1
s2twp,𫓵,鋠,鋠,STCharacters,2,1,-1,1,1,0,2→1
s2twp,𰾄,鋂,鋂,STCharacters,2,1,-1,1,1,0,2→1
s2twp,𨱉,鍄,鍄,STCharacters,2,1,-1,1,1,0,2→1
s2twp,𨱋,錂,錂,STCharacters,2,1,-1,1,1,0,2→1
s2twp,𨱌,鏆,鏆,STCharacters,2,1,-1,1,1,0,2→1
s2twp,𫓸,錽,錽,STCharacters,2,1,-1,1,1,0,2→1
s2twp,𫓺,鐪,鐪,STCharacters,2,1,-1,1,1,0,2→1
s2twp,𫓻,錜,錜,STCharacters,2,1,-1,1,1,0,2→1
s2twp,𫓽,錝,錝,STCharacters,2,1,-1,1,1,0,2→1
s2twp,𫓾,錥,錥,STCharacters,2,1,-1,1,1,0,2→1
s2twp,𨱎,鍮,鍮,STCharacters,2,1,-1,1,1,0,2→1
s2twp,𫔀,鍊,鍊,STCharacters,2,1,-1,1,1,0,2→1
s2twp,𫔁,鐼,鐼,STCharacters,2,1,-1,1,1,0,2→1
s2twp,𫔂,鍉,鍉,STCharacters,2,1,-1,1,1,0,2→1
s2twp,𫔄,鍒,鍒,STCharacters,2,1,-1,1,1,0,2→1
s2twp,𫟿,鎈,鎈,STCharacters,2,1,-1,1,1,0,2→1
s2twp,𨱍,鎯,鎯,STCharacters,2,1,-1,1,1,0,2→1
s2twp,𫔅,鎍,鎍,STCharacters,2,1,-1,1,1,0,2→1
s2twp,𫔆,䥯,䥯,STCharacters,2,1,-1,1,1,0,2→1
s2twp,𫔇,鎞,鎞,STCharacters,2,1,-1,1,1,0,2→1
s2twp,𫔈,鎙,鎙,STCharacters,2,1,-1,1,1,0,2→1
s2twp,𫠀,䥄,䥄,STCharacters,2,1,-1,1,1,0,2→1
s2twp,𰾭,鑀,鑀,STCharacters,2,1,-1,1,1,0,2→1
s2twp,𨱒,鏉,鏉,STCharacters,2,1,-1,1,1,0,2→1
s2twp,𫔊,鏥,鏥,STCharacters,2,1,-1,1,1,0,2→1
s2twp,𬭭,鏚,鏚,STCharacters,2,1,-1,1,1,0,2→1
s2twp,𨱓,鐎,鐎,STCharacters,2,1,-1,1,1,0,2→1
s2twp,𫔋,䥗,䥗,STCharacters,2,1,-1,1,1,0,2→1
s2twp,𫔌,鏾,鏾,STCharacters,2,1,-1,1,1,0,2→1
s2twp,𨱖,䥩,䥩,STCharacters,2,1,-1,1,1,0,2→1
s2twp,𫠁,鑉,鑉,STCharacters,2,1,-1,1,1,0,2→1
s2twp,𫔔,鑴,鑴,STCharacters,2,1,-1,1,1,0,2→1
s2twp,𨷿,䦳,䦳,STCharacters,2,1,-1,1,1,0,2→1
s2twp,𨸂,閍,閍,STCharacters,2,1,-1,1,1,0,2→1
s2twp,𨸃,閐,閐,STCharacters,2,1,-1,1,1,0,2→1
s2twp,𫔭,開,開,STCharacters,2,1,-1,1,1,0,2→1
s2twp,𫔮,閒,閒,STCharacters,2,1,-1,1,1,0,2→1
s2twp,𫔯,閗,閗,STCharacters,2,1,-1,1,1,0,2→1
s2twp,𫔰,閞,閞,STCharacters,2,1,-1,1,1,0,2→1
s2twp,𫠂,閝,閝,STCharacters,2,1,-1,1,1,0,2→1
s2twp,𨸄,䦘,䦘,STCharacters,2,1,-1,1,1,0,2→1
s2twp,𫔴,閵,閵,STCharacters,2,1,-1,1,1,0,2→1
s2twp,𫔵,䦯,䦯,STCharacters,2,1,-1,1,1,0,2→1
s2twp,𨸟,䧢,䧢,STCharacters,2,1,-1,1,1,0,2→1
s2twp,𫕥,霣,霣,STCharacters,2,1,-1,1,1,0,2→1
s2twp,𫖃,靧,靧,STCharacters,2,1,-1,1,1,0,2→1
s2twp,𫖅,䪊,䪊,STCharacters,2,1,-1,1,1,0,2→1
s2twp,𫖇,鞾,鞾,STCharacters,2,1,-1,1,1,0,2→1
s2twp,𩏼,䪏,䪏,STCharacters,2,1,-1,1,1,0,2→1
s2twp,𫖒,韠,韠,STCharacters,2,1,-1,1,1,0,2→1
s2twp,𩏿,䪘,䪘,STCharacters,2,1,-1,1,1,0,2→1
s2twp,𩐀,䪗,䪗,STCharacters,2,1,-1,1,1,0,2→1
s2twp,𫠅,韚,韚,STCharacters,2,1,-1,1,1,0,2→1
s2twp,𫖔,韛,韛,STCharacters,2,1,-1,1,1,0,2→1
s2twp,𫖕,韝,韝,STCharacters,2,1,-1,1,1,0,2→1
s2twp,𫖫,䪴,䪴,STCharacters,2,1,-1,1,1,0,2→1
s2twp,𫖬,䪾,䪾,STCharacters,2,1,-1,1,1,0,2→1
s2twp,𫖰,䫂,䫂,STCharacters,2,1,-1,1,1,0,2→1
s2twp,𫖱,䫀,䫀,STCharacters,2,1,-1,1,1,0,2→1
s2twp,𩓋,顂,顂,STCharacters,2,1,-1,1,1,0,2→1
s2twp,𫖲,䫟,䫟,STCharacters,2,1,-1,1,1,0,2→1
s2twp,𩖖,顃,顃,STCharacters,2,1,-1,1,1,0,2→1
s2twp,𫖶,顅,顅,STCharacters,2,1,-1,1,1,0,2→1
s2twp,𫖸,願,願,STCharacters,2,1,-1,1,1,0,2→1
s2twp,𫖹,顣,顣,STCharacters,2,1,-1,1,1,0,2→1
s2twp,𩖗,䫴,䫴,STCharacters,2,1,-1,1,1,0,2→1
s2twp,𫖺,䫶,䫶,STCharacters,2,1,-1,1,1,0,2→1
s2twp,𫗇,䫻,䫻,STCharacters,2,1,-1,1,1,0,2→1
s2twp,𩙥,颰,颰,STCharacters,2,1,-1,1,1,0,2→1
s2twp,𫠈,䫾,䫾,STCharacters,2,1,-1,1,1,0,2→1
s2twp,𩙧,䬞,䬞,STCharacters,2,1,-1,1,1,0,2→1
s2twp,𩙪,颷,颷,STCharacters,2,1,-1,1,1,0,2→1
s2twp,𩙫,颾,颾,STCharacters,2,1,-1,1,1,0,2→1
s2twp,𫗊,䬓,䬓,STCharacters,2,1,-1,1,1,0,2→1
s2twp,𩙮,䬘,䬘,STCharacters,2,1,-1,1,1,0,2→1
s2twp,𩙯,䬝,䬝,STCharacters,2,1,-1,1,1,0,2→1
s2twp,𫗋,飋,飋,STCharacters,2,1,-1,1,1,0,2→1
s2twp,𫗞,飦,飦,STCharacters,2,1,-1,1,1,0,2→1
s2twp,𫗟,䬧,䬧,STCharacters,2,1,-1,1,1,0,2→1
s2twp,𫗠,餦,餦,STCharacters,2,1,-1,1,1,0,2→1
s2twp,𫗢,飵,飵,STCharacters,2,1,-1,1,1,0,2→1
s2twp,𫗣,飶,飶,STCharacters,2,1,-1,1,1,0,2→1
s2twp,𫗥,餫,餫,STCharacters,2,1,-1,1,1,0,2→1
s2twp,𩠇,䭀,䭀,STCharacters,2,1,-1,1,1,0,2→1
s2twp,𫗦,餔,餔,STCharacters,2,1,-1,1,1,0,2→1
s2twp,𩠈,䭃,䭃,STCharacters,2,1,-1,1,1,0,2→1
s2twp,𫗩,饠,饠,STCharacters,2,1,-1,1,1,0,2→1
s2twp,𫗪,餧,餧,STCharacters,2,1,-1,1,1,0,2→1
s2twp,𫗫,餬,餬,STCharacters,2,1,-1,1,1,0,2→1
s2twp,𫗬,餪,餪,STCharacters,2,1,-1,1,1,0,2→1
s2twp,𫗭,餵,餵,STCharacters,2,1,-1,1,1,0,2→1
s2twp,𫗮,餭,餭,STCharacters,2,1,-1,1,1,0,2→1
s2twp,𫗯,餱,餱,STCharacters,2,1,-1,1,1,0,2→1
s2twp,𩠌,餸,餸,STCharacters,2,1,-1,1,1,0,2→1
s2twp,𫗰,䭔,䭔,STCharacters,2,1,-1,1,1,0,2→1
s2twp,𫗱,䭑,䭑,STCharacters,2,1,-1,1,1,0,2→1
s2twp,䭪,𩞯,𩞯,STCharacters,1,2,1,1,1,0,1→2
s2twp,𫗵,饟,饟,STCharacters,2,1,-1,1,1,0,2→1
s2twp,𫘛,馯,馯,STCharacters,2,1,-1,1,1,0,2→1
s2twp,𩧨,駎,駎,STCharacters,2,1,-1,1,1,0,2→1
s2twp,𩧪,䮾,䮾,STCharacters,2,1,-1,1,1,0,2→1
s2twp,𩧫,駚,駚,STCharacters,2,1,-1,1,1,0,2→1
s2twp,𩧭,䭿,䭿,STCharacters,2,1,-1,1,1,0,2→1
s2twp,𩧯,驋,驋,STCharacters,2,1,-1,1,1,0,2→1
s2twp,𫘞,駞,駞,STCharacters,2,1,-1,1,1,0,2→1
s2twp,𫘟,駊,駊,STCharacters,2,1,-1,1,1,0,2→1
s2twp,䯃,𩣑,𩣑,STCharacters,1,2,1,1,1,0,1→2
s2twp,𩧰,䮝,䮝,STCharacters,2,1,-1,1,1,0,2→1
s2twp,𩧲,駧,駧,STCharacters,2,1,-1,1,1,0,2→1
s2twp,𩧴,駩,駩,STCharacters,2,1,-1,1,1,0,2→1
s2twp,𫘠,駤,駤,STCharacters,2,1,-1,1,1,0,2→1
s2twp,𫘡,駫,駫,STCharacters,2,1,-1,1,1,0,2→1
s2twp,𩧺,駶,駶,STCharacters,2,1,-1,1,1,0,2→1
s2twp,𫘣,駻,駻,STCharacters,2,1,-1,1,1,0,2→1
s2twp,𫘤,騃,騃,STCharacters,2,1,-1,1,1,0,2→1
s2twp,𫘥,騉,騉,STCharacters,2,1,-1,1,1,0,2→1
s2twp,𩧿,䮠,䮠,STCharacters,2,1,-1,1,1,0,2→1
s2twp,𩨀,騔,騔,STCharacters,2,1,-1,1,1,0,2→1
s2twp,𩨁,䮞,䮞,STCharacters,2,1,-1,1,1,0,2→1
s2twp,𩨂,驄,驄,STCharacters,2,1,-1,1,1,0,2→1
s2twp,𩨃,騝,騝,STCharacters,2,1,-1,1,1,0,2→1
s2twp,𩨇,䮫,䮫,STCharacters,2,1,-1,1,1,0,2→1
s2twp,𩨈,騟,騟,STCharacters,2,1,-1,1,1,0,2→1
s2twp,𩨊,騚,騚,STCharacters,2,1,-1,1,1,0,2→1
s2twp,𫘩,騜,騜,STCharacters,2,1,-1,1,1,0,2→1
s2twp,𩨄,騪,騪,STCharacters,2,1,-1,1,1,0,2→1
s2twp,𫘫,騴,騴,STCharacters,2,1,-1,1,1,0,2→1
s2twp,𫘭,騻,騻,STCharacters,2,1,-1,1,1,0,2→1
s2twp,𫘮,䮰,䮰,STCharacters,2,1,-1,1,1,0,2→1
s2twp,𫠋,騼,騼,STCharacters,2,1,-1,1,1,0,2→1
s2twp,𩨎,龭,龭,STCharacters,2,1,-1,1,1,0,2→1
s2twp,𩨏,䮳,䮳,STCharacters,2,1,-1,1,1,0,2→1
s2twp,𫘯,驓,驓,STCharacters,2,1,-1,1,1,0,2→1
s2twp,𫘰,驙,驙,STCharacters,2,1,-1,1,1,0,2→1
s2twp,𫘱,驨,驨,STCharacters,2,1,-1,1,1,0,2→1
s2twp,𩩈,䯤,䯤,STCharacters,2,1,-1,1,1,0,2→1
s2twp,𫘽,鬠,鬠,STCharacters,2,1,-1,1,1,0,2→1
s2twp,𩭹,鬖,鬖,STCharacters,2,1,-1,1,1,0,2→1
s2twp,𫚈,鱮,鱮,STCharacters,2,1,-1,1,1,0,2→1
s2twp,𫚉,魟,魟,STCharacters,2,1,-1,1,1,0,2→1
s2twp,𫚊,鰑,鰑,STCharacters,2,1,-1,1,1,0,2→1
s2twp,𩽹,魥,魥,STCharacters,2,1,-1,1,1,0,2→1
s2twp,𫚋,鱄,鱄,STCharacters,2,1,-1,1,1,0,2→1
s2twp,𫚌,魦,魦,STCharacters,2,1,-1,1,1,0,2→1
s2twp,𫚍,魵,魵,STCharacters,2,1,-1,1,1,0,2→1
s2twp,䲞,𩶘,𩶘,STCharacters,1,2,1,1,1,0,1→2
s2twp,𫚏,䱁,䱁,STCharacters,2,1,-1,1,1,0,2→1
s2twp,𫚐,䱀,䱀,STCharacters,2,1,-1,1,1,0,2→1
s2twp,𫚑,鮅,鮅,STCharacters,2,1,-1,1,1,0,2→1
s2twp,𫚒,鮄,鮄,STCharacters,2,1,-1,1,1,0,2→1
s2twp,𫠐,魽,魽,STCharacters,2,1,-1,1,1,0,2→1
s2twp,𩽼,鯶,鯶,STCharacters,2,1,-1,1,1,0,2→1
s2twp,𫚓,鮤,鮤,STCharacters,2,1,-1,1,1,0,2→1
s2twp,𫚔,鮰,鮰,STCharacters,2,1,-1,1,1,0,2→1
s2twp,𫚗,鮯,鮯,STCharacters,2,1,-1,1,1,0,2→1
s2twp,𩾁,鯄,鯄,STCharacters,2,1,-1,1,1,0,2→1
s2twp,𩾂,䲖,䲖,STCharacters,2,1,-1,1,1,0,2→1
s2twp,𫚙,鯆,鯆,STCharacters,2,1,-1,1,1,0,2→1
s2twp,𫚚,鮿,鮿,STCharacters,2,1,-1,1,1,0,2→1
s2twp,𫚛,鮵,鮵,STCharacters,2,1,-1,1,1,0,2→1
s2twp,𩾇,鯱,鯱,STCharacters,2,1,-1,1,1,0,2→1
s2twp,𩾈,䱙,䱙,STCharacters,2,1,-1,1,1,0,2→1
s2twp,𫚜,䲅,䲅,STCharacters,2,1,-1,1,1,0,2→1
s2twp,𫚞,鯬,鯬,STCharacters,2,1,-1,1,1,0,2→1
s2twp,𫚠,䱧,䱧,STCharacters,2,1,-1,1,1,0,2→1
s2twp,𫚡,鯞,鯞,STCharacters,2,1,-1,1,1,0,2→1
s2twp,𩾊,䱬,䱬,STCharacters,2,1,-1,1,1,0,2→1
s2twp,𩾋,䱰,䱰,STCharacters,2,1,-1,1,1,0,2→1
s2twp,𫚢,鰋,鰋,STCharacters,2,1,-1,1,1,0,2→1
s2twp,𫚣,鯾,鯾,STCharacters,2,1,-1,1,1,0,2→1
s2twp,𫚤,鰦,鰦,STCharacters,2,1,-1,1,1,0,2→1
s2twp,𫚥,鰕,鰕,STCharacters,2,1,-1,1,1,0,2→1
s2twp,𫠑,䱸,䱸,STCharacters,2,1,-1,1,1,0,2→1
s2twp,𫚦,鰫,鰫,STCharacters,2,1,-1,1,1,0,2→1
s2twp,𫚧,鰽,鰽,STCharacters,2,1,-1,1,1,0,2→1
s2twp,𫠒,鱆,鱆,STCharacters,2,1,-1,1,1,0,2→1
s2twp,𫚪,鱊,鱊,STCharacters,2,1,-1,1,1,0,2→1
s2twp,𫚫,鱢,鱢,STCharacters,2,1,-1,1,1,0,2→1
s2twp,𪉂,䲰,䲰,STCharacters,2,1,-1,1,1,0,2→1
s2twp,𪉃,鳼,鳼,STCharacters,2,1,-1,1,1,0,2→1
s2twp,𫛚,鳽,鳽,STCharacters,2,1,-1,1,1,0,2→1
s2twp,𫛛,鳷,鳷,STCharacters,2,1,-1,1,1,0,2→1
s2twp,𫛜,鴀,鴀,STCharacters,2,1,-1,1,1,0,2→1
s2twp,𫛝,鴅,鴅,STCharacters,2,1,-1,1,1,0,2→1
s2twp,𫛞,鴃,鴃,STCharacters,2,1,-1,1,1,0,2→1
s2twp,𫛟,鸗,鸗,STCharacters,2,1,-1,1,1,0,2→1
s2twp,𫛡,鴔,鴔,STCharacters,2,1,-1,1,1,0,2→1
s2twp,𫛢,鸋,鸋,STCharacters,2,1,-1,1,1,0,2→1
s2twp,𫛣,鴥,鴥,STCharacters,2,1,-1,1,1,0,2→1
s2twp,𫛤,鴐,鴐,STCharacters,2,1,-1,1,1,0,2→1
s2twp,𪉆,鴲,鴲,STCharacters,2,1,-1,1,1,0,2→1
s2twp,𪉈,鴜,鴜,STCharacters,2,1,-1,1,1,0,2→1
s2twp,𪉊,鷨,鷨,STCharacters,2,1,-1,1,1,0,2→1
s2twp,𫛥,鵊,鵊,STCharacters,2,1,-1,1,1,0,2→1
s2twp,𫛦,鴮,鴮,STCharacters,2,1,-1,1,1,0,2→1
s2twp,𫛨,鵧,鵧,STCharacters,2,1,-1,1,1,0,2→1
s2twp,𫛩,鴳,鴳,STCharacters,2,1,-1,1,1,0,2→1
s2twp,𫛪,鴽,鴽,STCharacters,2,1,-1,1,1,0,2→1
s2twp,𪉍,鵚,鵚,STCharacters,2,1,-1,1,1,0,2→1
s2twp,𫛫,鶰,鶰,STCharacters,2,1,-1,1,1,0,2→1
s2twp,𫛬,䳜,䳜,STCharacters,2,1,-1,1,1,0,2→1
s2twp,𫛮,䳤,䳤,STCharacters,2,1,-1,1,1,0,2→1
s2twp,𫛯,鶭,鶭,STCharacters,2,1,-1,1,1,0,2→1
s2twp,𫛰,䳢,䳢,STCharacters,2,1,-1,1,1,0,2→1
s2twp,𫛱,鵫,鵫,STCharacters,2,1,-1,1,1,0,2→1
s2twp,𫛲,鵰,鵰,STCharacters,2,1,-1,1,1,0,2→1
s2twp,𫛳,鵩,鵩,STCharacters,2,1,-1,1,1,0,2→1
s2twp,𫛴,鷤,鷤,STCharacters,2,1,-1,1,1,0,2→1
s2twp,𫛵,鶌,鶌,STCharacters,2,1,-1,1,1,0,2→1
s2twp,𫛶,鶒,鶒,STCharacters,2,1,-1,1,1,0,2→1
s2twp,𫛷,鶦,鶦,STCharacters,2,1,-1,1,1,0,2→1
s2twp,𫛸,鶗,鶗,STCharacters,2,1,-1,1,1,0,2→1
s2twp,𫛺,䳧,䳧,STCharacters,2,1,-1,1,1,0,2→1
s2twp,𫛼,䳫,䳫,STCharacters,2,1,-1,1,1,0,2→1
s2twp,𪉑,鷔,鷔,STCharacters,2,1,-1,1,1,0,2→1
s2twp,𫛽,鷅,鷅,STCharacters,2,1,-1,1,1,0,2→1
s2twp,𫜀,鷐,鷐,STCharacters,2,1,-1,1,1,0,2→1
s2twp,𫜁,鷩,鷩,STCharacters,2,1,-1,1,1,0,2→1
s2twp,𫜃,鷣,鷣,STCharacters,2,1,-1,1,1,0,2→1
s2twp,𫜄,鷷,鷷,STCharacters,2,1,-1,1,1,0,2→1
s2twp,𫜅,䴋,䴋,STCharacters,2,1,-1,1,1,0,2→1
s2twp,𬸯,鷿,鷿,STCharacters,2,1,-1,1,1,0,2→1
s2twp,𪎈,䴬,䴬,STCharacters,2,1,-1,1,1,0,2→1
s2twp,𪎉,麲,麲,STCharacters,2,1,-1,1,1,0,2→1
s2twp,𪎊,麨,麨,STCharacters,2,1,-1,1,1,0,2→1
s2twp,𫜑,麷,麷,STCharacters,2,1,-1,1,1,0,2→1
s2twp,𪎋,䴴,䴴,STCharacters,2,1,-1,1,1,0,2→1
s2twp,𫜒,䴱,䴱,STCharacters,2,1,-1,1,1,0,2→1
s2twp,𪎌,麳,麳,STCharacters,2,1,-1,1,1,0,2→1
s2twp,𫜔,䴽,䴽,STCharacters,2,1,-1,1,1,0,2→1
s2twp,𪑅,䵳,䵳,STCharacters,2,1,-1,1,1,0,2→1
s2twp,𫜙,䵴,䵴,STCharacters,2,1,-1,1,1,0,2→1
s2twp,𫜨,䶕,䶕,STCharacters,2,1,-1,1,1,0,2→1
s2twp,𫜩,齧,齧,STCharacters,2,1,-1,1,1,0,2→1
s2twp,𫜪,齩,齩,STCharacters,2,1,-1,1,1,0,2→1
s2twp,𫜬,齰,齰,STCharacters,2,1,-1,1,1,0,2→1
s2twp,𫜭,齭,齭,STCharacters,2,1,-1,1,1,0,2→1
s2twp,𫜮,齴,齴,STCharacters,2,1,-1,1,1,0,2→1
s2twp,𫜰,齾,齾,STCharacters,2,1,-1,1,1,0,2→1
s2twp,𫜲,龓,龓,STCharacters,2,1,-1,1,1,0,2→1
s2twp,𫜳,䶲,䶲,STCharacters,2,1,-1,1,1,0,2→1
s2twp,B超,超音波,超音波,TWPhrases,2,3,1,2,3,1,2→3
s2twp,PN结,PN接面,PN接面,TWPhrases,3,4,1,3,4,1,3→4
s2twp,U盘,隨身碟,隨身碟,TWPhrases,2,3,1,2,3,1,2→3
